buoy_id,latitude,longitude,description
21413,31.0758,159.0830,"\'SOUTHEAST TOKYO - 700NM ESE of Tokyo, JP\'"
21414,48.953,178.218,"\' AMCHITKA - 170 NM South of Amchitka, AK\'"
21415,50.167,171.915,"\'ATTU - 175 NM South of Attu, AK\'"
21416,48.122,163.328,"\'KAMCHATKA PENINSULA -240NM SE of Kamchatka Peninsula, RU \'"
21417,43.192,157.142,\'290NM SE of the Kuril Islands\'
21418,38.688,148.769,"\'NORTHEAST TOKYO - 450 NM NE of Tokyo, JP\'"
21419,47.2118,178.8040,\'KURIL ISLANDS - 209NM SE of Kuril Is. \'
32301,-9.9,-105.2,\'\'
32302,-18,-85.1,\'\'
32411,4.995,-90.85,"\'WEST PANAMA - 710 NM WSW of Panama City, Panama\'"
32412,-20.5906,-140.5820,"\'SOUTHWEST LIMA - 645 NM SW of Lima, Peru\'"
32413,-9.0022,-103.8090,"\'NORTHWEST LIMA - 1000 NM WNW of Lima, Peru\'"
32745,0,0,\'TAO Buoy Adrift\'
32746,-5,-110,\'TAO Buoy Adrift\'
41001,34.647,-72.622,\'EAST HATTERAS - 150 NM East of Cape Hatteras\'
41002,31.76,-74.84,\'SOUTH HATTERAS - 225 NM South of Cape Hatteras\'
41003,30.4,-80.1,\'\'
41004,32.501,-79.099,"\'EDISTO - 41 NM Southeast of Charleston, SC\'"
41005,31.7,-79.7,\'\'
41006,29.3,-77.4,\'\'
41007,34.2,-76.5,\'\'
41008,31.4,-80.868,"\'GRAYS REEF - 40 NM Southeast of Savannah, GA\'"
41009,28.501,-80.184,"\'CANAVERAL 20 NM East of Cape Canaveral, FL\'"
41010,28.884,-78.45,\'CANAVERAL EAST - 120NM East of Cape Canaveral\'
41011,28.2,-80.1,\'\'
41012,30.042,-80.534,"\'St. Augustine, FL 40NM ENE of St Augustine, FL\'"
41013,33.436,-77.743,"\'Frying Pan Shoals, NC\'"
41015,35.4,-75.3,\'\'
41016,24.6,-76.5,\'\'
41017,35.4,-75.1,\'\'
41018,15,-75,\'\'
41021,31.92,-80.85,\'Olympic Northeast\'
41022,31.89,-80.86,\'Olympic Southwest\'
41023,31.92,-80.93,\'Olympic Southwest\'
41025,35.006,-75.402,"\'Diamond Shoals, NC\'"
41035,34.476,-77.28,"\'Onslow Bay Inner, NC\'"
41036,34.207,-76.949,"\'Onslow Bay Outer, NC\'"
41040,14.559,-53.073,\'NORTH EQUATORIAL ONE- 470 NM East of Martinique\'
41041,14.329,-46.082,\'NORTH EQUATORIAL TWO - 890 NM East of Martinique \'
41043,21.132,-64.856,"\'NE PUERTO RICO - 170 NM NNE of San Juan, PR\'"
41044,21.575,-58.625,\'NE ST MARTIN - 330 NM NE St Martin Is\'
41046,23.832,-68.417,"\'EAST BAHAMAS - 335 NM East of San Salvador Is,  Bahamas \'"
41047,27.485,-71.479,"\'NE BAHAMAS - 350 NM ENE of Nassau, Bahamas\'"
41048,31.86,-69.59,\'WEST BERMUDA - 240 NM West of Bermuda\'
41049,27.537,-62.945,\'SOUTH BERMUDA - 300 NM SSE of Bermuda\'
41420,23.508,-67.287,"\'NORTH SANTO DOMINGO - 328NM NNE of Santo Domingo, DO\'"
41421,23.38,-64.112,"\'NORTH ST THOMAS - 300NM North of St Thomas, Virgin Is\'"
41424,33,-72.66,"\'EAST CHARLESTON - 370 NM East of Charleston, SC\'"
41A46,23.838,-68.333,"\'EAST BAHAMAS - 335 NM East of San Salvador Is, Bahamas backup\'"
41B41,14.329,-46.082,\'NORTH EQUATORIAL TWO - 890 NM East of Martinique \'
41S43,21.132,-64.856,"\'170 NM NNE of San Juan, PR (SCP12)\'"
41S46,23.866,-68.481,"\'335 NM East of San Salvador Is, Bahamas (SCP10)\'"
42001,25.897,-89.668,"\'MID GULF - 180 nm South of Southwest Pass, LA\'"
42002,26.091,-93.758,"\'WEST GULF - 207 NM East of Brownsville, TX\'"
42003,26.007,-85.648,"\'East GULF - 208 NM West of Naples, FL\'"
42004,27.5,-85.5,\'\'
42005,30,-85.9,\'\'
42006,26.5,-96,\'\'
42007,30.09,-88.769,"\'BILOXI - 22 NM SSE of Biloxi, MS\'"
42008,28.7,-95.3,\'\'
42009,29.3,-87.5,\'\'
42010,29.7,-93.4,\'\'
42011,29.7,-93.5,\'\'
42012,30.064,-87.551,"\'ORANGE BEACH - 44 NM SE of Mobile, AL\'"
42015,30.1,-88.2,\'\'
42016,30.2,-88.1,\'\'
42017,27.9,-90.9,\'\'
42018,30,-88.2,\'\'
42019,27.907,-95.352,"\'FREEPORT, TX - 60 NM South of Freeport, TX\'"
42020,26.968,-96.694,"\'CORPUS CHRISTI, TX - 60NM SSE of Corpus Christi, TX\'"
42025,24.9,-80.4,\'\'
42035,29.232,-94.413,"\'GALVESTON,TX -  22 NM East of Galveston, TX\'"
42036,28.501,-84.516,"\'WEST TAMPA  - 112 NM WNW of Tampa, FL\'"
42037,24.5,-81.4,\'\'
42038,27.421,-92.555,\'North Mid Gulf of Mexico\'
42039,28.788,-86.008,"\'PENSACOLA - 115NM SSE of Pensacola, FL\'"
42040,29.208,-88.226,"\'LUKE OFFSHORE TEST PLATFORM - 63 NM South of Dauphin Island, AL\'"
42041,27.504,-90.462,"\'North Mid Gulf 110NM South of Grand Isle, LA\'"
42042,29.88,-88.32,\'Pascagoula\'
42053,29.55,-88.5,\'Pascagoula South\'
42054,26,-87.73,\'East Gulf\'
42055,22.12,-93.96,"\'BAY OF CAMPECHE - 214 NM NE OF Veracruz, MX\'"
42056,19.918,-84.938,"\' Yucatan Basin - 120 NM ESE of Cozumel, MX\'"
42057,16.908,-81.422,"\'Western Caribbean - 195 NM WSW of Negril, Jamaica\'"
42058,14.892,-74.573,"\'Central Caribbean - 210 NM SSE of Kingston, Jamaica\'"
42059,15.252,-67.51,"\'Eastern Caribbean Sea - 180 NM SSW of Ponce, PR\'"
42060,16.406,-63.188,\'Caribbean Valley - 63 NM WSW of Montserrat \'
42065,14.926,-75.046,\'Near 42058 Central Caribbean\'
42080,24.396,-81.934,"\'Offshore Sand Key, FL\'"
42407,15.2990,-71.7986,"\'SOUTH PUERTO RICO - 230 NM Southwest of San Juan, PR\'"
42408,25.2,-87,"\'EAST GULF of MEXICO - 225NM WNW of Loggerhead Key, FL  \'"
42409,25.851,-89.251,"\'247 NM South of New Orleans, LA\'"
42429,27.401,-85.671,\'DART WAVE GLIDER STATION \'
42534,0,0,\'Moored Drifter\'
42S58,14.981,-74.739,"\'210 NM SSE of Kingston, Jamaica (SCP20)\'"
42S60,16.406,-63.188,"\'63 NM WSW of Plymouth, Montserrat (SCP17)\'"
43412,16.026,-106.997,"\'SOUTHWEST  MANZANILLO - 240 NM SW OF Manzanillo, MX\'"
43413,10.842,-100.137,"\'SOUTH ACAPULCO - 360NM South of Acapulco, MX\'"
44001,38.7,-73.6,\'\'
44003,40.8,-68.5,\'\'
44004,38.484,-70.433,"\'HOTEL 200NM East of Cape May,NJ\'"
44005,43.201,-69.128,"\'GULF OF MAINE - 78 NM East of Portsmouth, NH\'"
44006,36.3,-75.4,\'\'
44007,43.525,-70.141,"\'PORTLAND 12 NM Southeast of Portland,ME\'"
44008,40.504,-69.248,\'NANTUCKET 54NM Southeast of Nantucket\'
44009,38.461,-74.703,"\'DELAWARE BAY 26 NM Southeast of Cape May, NJ\'"
44010,36.9,-75.7,\'\'
44011,41.098,-66.619,"\'GEORGES BANK 170 NM East of Hyannis, MA\'"
44012,38.8,-74.6,\'\'
44013,42.346,-70.651,"\'BOSTON 16 NM East of Boston, MA\'"
44014,36.611,-74.843,"\'VIRGINIA BEACH 64 NM East of Virginia Beach, VA\'"
44015,37.5,-73.4,\'\'
44017,40.694,-72.048,"\'MONTAUK POINT - 23 NM SSW of Montauk Point, NY\'"
44018,42.119,-69.7,"\'CAPE COD - 24 NM East of Provincetown, MA\'"
44019,36.4,-75.2,\'\'
44020,41.439,-70.186,\'NANTUCKET SOUND\'
44023,37.5,-74.4,\'\'
44025,40.251,-73.164,"\'LONG ISLAND - 30 NM South of Islip, NY\'"
44026,36,-73.5,\'\'
44027,44.287,-67.307,"\'Jonesport, ME - 20 NM SE of Jonesport, ME\'"
44028,41.4,-71.08,\'Buzzard&#039
44065,40.369,-73.703,"\'New York Harbor Entrance - 15 NM SE of Breezy Point , NY\'"
44066,39.568,-72.586,"\'Texas Tower #4 - 75 NM East of Long Beach, NJ\'"
44070,41.392,-71.004,\'Buzzards Bay MA. Offshore\'
44401,35.3639,-55.3379,\'NORTHEAST CASTLE ROCK SEAMOUNT - 620NM South of St John&#039
44402,39.298,-70.659,"\'SOUTHEAST BLOCK CANYON - 130 NM SE of Fire Island, NY.\'"
44585,0,0,\'Drifting Buoy\'
45001,48.061,-87.793,"\'MID SUPERIOR- 60NM North Northeast Hancock, MI\'"
45002,45.344,-86.411,\'NORTH MICHIGAN- Halfway between North Manitou and Washington Islands.\'
45003,45.351,-82.84,"\'NORTH HURON - 32NM Northeast of Alpena, MI\'"
45004,47.585,-86.585,"\'EAST SUPERIOR -70 NM NE Marquette, MI\'"
45005,41.677,-82.398,"\'WEST ERIE - 16 NM NW of Lorain, OH\'"
45006,47.335,-89.793,"\'WEST SUPERIOR - 30NM NE of Outer Island, WI\'"
45007,42.674,-87.026,"\'SOUTH MICHIGAN - 43NM East Southeast of Milwaukee, WI\'"
45008,44.283,-82.416,"\'SOUTH HURON - 43NM East of Oscoda, MI\'"
45009,41.6,-82,\'\'
45010,43,-87.8,\'\'
45011,43.02,-86.27,\'Grand Haven Michigan\'
45012,43.621,-77.406,"\'EAST Lake Ontario  - 20NM North Northeast of Rochester, NY\'"
46001,56.304,-147.92,"\'WESTERN GULF OF ALASKA  - 175NM SE of Kodiak, AK\'"
46002,44.7699,-124.7040,"\'WEST OREGON - 275NM West of Coos Bay, OR\'"
46003,51.831,-155.85,\'S ALEUTIANS\'
46005,45.958,-131,"\'WEST WASHINGTON - 300NM West of Aberdeen, WA\'"
46006,40.782,-137.397,"\'SOUTHEAST PAPA - 600NM West of Eureka, CA\'"
46007,59.2,-152.7,\'\'
46008,57.1,-151.7,\'\'
46009,60.2,-146.8,\'\'
46010,46.2,-124.2,\'\'
46011,34.956,-121.019,"\'SANTA MARIA - 21NM NW of Point Arguello, CA\'"
46012,37.363,-122.881,"\'HALF MOON BAY - 24NM SSW of San Francisco, CA\'"
46013,38.238,-123.307,"\'BODEGA BAY - 48NM NW of San Francisco, CA\'"
46014,39.235,-123.974,"\'PT ARENA - 19NM North of Point Arena, CA\'"
46015,42.764,-124.832,"\'PORT ORFORD - 15 NM West of Port Orford, OR\'"
46016,63.283,-170.3,\'\'
46017,60.283,-172.3,\'\'
46018,60.283,-177,\'\'
46019,57.2,-170.3,\'\'
46020,55.883,-168,\'\'
46021,57.7,-160,\'\'
46022,40.72,-124.531,"\'EEL RIVER - 17NM WSW of Eureka, CA\'"
46023,34.714,-120.967,"\' PT ARGUELLO - 17NM WNW of Point Arguello, CA\'"
46024,33,-119.2,\'\'
46025,33.749,-119.053,"\'Santa Monica Basin - 33NM WSW of Santa Monica, CA\'"
46026,37.755,-122.839,"\'SAN FRANCISCO - 18NM West of San Francisco, CA\'"
46027,41.852,-124.382,"\'ST GEORGES - 8NM NW of Crescent City, CA\'"
46028,35.712,-121.858,"\'CAPE SAN MARTIN - 55NM West NW of Morro Bay, CA\'"
46029,46.143,-124.485,\'COLUMBIA RIVER BAR - 20NM West of Columbia River Mouth\'
46030,40.423,-124.525,\'BLUNTS REEF\'
46031,55.5,-161.683,\'\'
46032,54.2,-165.8,\'\'
46033,55.783,-159.8,\'\'
46034,55.1,-163.1,\'\'
46035,57.026,-177.738,"\'CENTRAL BERING SEA - 310 NM North of Adak, AK\'"
46037,48.3,-133.8,\'\'
46038,41.9,-124.4,\'\'
46039,48.2,-123.4,\'\'
46040,44.8,-124.3,\'\'
46041,47.35,-124.704,"\'CAPE ELIZABETH- 45NM NW of Aberdeen, WA\'"
46042,36.791,-122.452,"\'MONTEREY - 27NM WNW of Monterey, CA\'"
46043,46.9,-124.2,\'\'
46045,33.84,-118.45,\'REDONDO BEACH\'
46047,32.398,-119.498,"\'TANNER BANK - 121NM West of San Diego, CA\'"
46048,32.9,-117.9,\'\'
46050,44.677,-124.515,"\'STONEWALL BANK - 20NM West of Newport, OR\'"
46051,34.48,-120.69,\'Harvest Experiment Platform\'
46053,34.252,-119.853,"\'EAST SANTA BARBARA  - 12NM Southwest of Santa Barbara, CA\'"
46054,34.265,-120.477,"\'WEST SANTA BARBARA  38 NM West of Santa Barbara, CA\'"
46059,38.05,-129.898,"\'WEST CALIFORNIA - 357NM West of San Francisco, CA\'"
46060,60.584,-146.805,"\'WEST ORCA BAY - 8NM NW of Hinchinbrook Is., AK\'"
46061,60.227,-146.834,"\'Seal Rocks - Between Montague and Hinchinbrook Islands, AK\'"
46062,35.101,-121.01,"\'Pt. San Luis, CA - 18 NM South Southwest of Morro Bay, CA\'"
46063,34.273,-120.699,"\'Pt.Conception, CA - 50NM West of Santa Barbara, CA\'"
46066,52.785,-155.047,"\'SOUTH KODIAK - 310NM SSW of Kodiak, AK\'"
46069,33.674,-120.212,\'SOUTH SANTA ROSA IS. CA\'
46070,55.082,175.153,"\'SOUTHWEST BERING SEA - 142NM NNE OF ATTU IS, AK\'"
46071,51.125,179.012,"\'WESTERN ALEUTIANS - 14NM SOUTH OF AMCHITKA IS, AK \'"
46072,51.656,-172.058,\'CENTRAL ALEUTIANS 230NM SW Dutch Harbor\'
46073,55.031,-172.001,"\'SOUTHEAST BERING SEA -205NM WNW of Dutch Harbor, AK\'"
46075,53.983,-160.817,"\'SHUMAGIN ISLANDS - 85NM South of Sand Point, AK\'"
46076,59.502,-147.99,"\'CAPE CLEARE - 17 NM South of Montague Is,  AK\'"
46077,57.892,-154.291,"\'SHELIKOF STRAIT, AK\'"
46078,55.542,-152.628,"\'ALBATROSS BANK - 104NM South of Kodiak Is., AK\'"
46079,59.05,-152.23,\'Barren Island\'
46080,57.939,-149.96,"\'PORTLOCK BANK- 76NM ENE of Kodiak, AK\'"
46081,60.799,-148.263,\'Western Prince William Sound\'
46082,59.668,-143.392,"\'Cape Suckling - 35 NM SE of Kayak Is, AK\'"
46083,58.3,-137.997,"\'Fairweather Ground 105NM West  of Juneau, AK\'"
46084,56.6,-136.101,"\'Cape Edgecumbe - 25NM SSW of Cape Edgecumbe, AK\'"
46085,55.868,-142.492,"\'CENTRAL GULF OF ALASKA -  265NM West of Cape Ommaney, AK\'"
46086,32.491,-118.035,"\'SAN CLEMENTE BASIN - 27NM SE Of San Clemente Is, CA\'"
46087,48.494,-124.728,"\'Neah Bay - 6NM North of Cape Flattery, WA     (Traffic Separation Lighted Buoy)\'"
46088,48.334,-123.165,"\'New Dungeness - 17 NM NE of Port Angeles, WA\'"
46089,45.893,-125.819,"\'TILLAMOOK, OR - 85 NM WNW of Tillamook, OR\'"
46105,59.049,-152.233,"\'South Cook Inlet - 10NM NW of East Amatuli Light, AK\'"
46106,59.76,-152.09,\'Central Cook Inlet AK\'
46107,59.925,-147.992,\'Montague Strait\'
46115,57.069,-177.75,\'Bering Sea\'
46270,55.003,175.284,\'S.W. Bering Sea\'
46290,32.659,-120.63,\'NOOSS Optimization Buoy\'
46401,46.638,-170.79,"\' SOUTHEAST ADAK - 377NM SE of Adak, AK\'"
46402,51.02,-164.071,"\' South Dutch Harbor - 220 NM SSE of Dutch Harbor, AK\'"
46403,52.665,-156.947,"\'Southeast Shumagin Island - 186 NM SE of Shumagin Is, AK\'"
46404,45.857,-128.736,"\'WEST ASTORIA - 230 NM West of Astoria, OR\'"
46405,42.903,-130.909,"\'325 NM West-Southwest of Newport, OR\'"
46406,-8.491,-125.022,"\'2,900 NM Southeast of Hawaii\'"
46407,42.682,-128.832,"\'NEWPORT - 210NM West of Coos Bay, OR\'"
46408,49.668,-169.888,"\' NIKOLSKI - 212NM South of Umnak Is, AK\'"
46409,55.293,-148.509,"\'SOUTHEAST KODIAK - 210 NM SE of Kodiak, AK\'"
46410,57.65,-143.798,"\'SOUTH CORDOVA 188NM SSE of Cordova, AK\'"
46411,39.333,-127.082,"\'Mendocino - 150 NM West of  Mendocino Bay, CA\'"
46412,32.492,-120.563,"\'San Diego - 175 NM West of San Diego, CA\'"
46413,47.999,-174.227,"\'SOUTH-SOUTHEAST ADAK - 243NM SSE of Adak Island, AK\'"
46419,48.796,-129.619,"\'NORTHWEST SEATTLE - 300 NM WNW of Seattle, WA\'"
46490,32.455,-120.557,\'NOOSS Optimization Buoy  \'
46551,0,0,\'Drifting Buoy\'
46553,0,0,\'Drifting Buoy\'
46779,0,0,\'Drifting Buoy\'
46780,0,0,\'Drifting Buoy\'
46781,0,0,\'Drifting Buoy\'
46782,0,0,\'Drifting Buoy\'
46785,0,0,\'Drifting Buoy\'
46X84,56.625,-136.148,\'Old 46084 (Adrift)\'
48011,67.582,-164.185,\'Red Dog Mine\'
51000,23.538,-153.808,\'NORTHERN HAWAII ONE - 245NM NE of Honolulu HI\'
51001,24.417,-162.1,\'NORTHWESTERN HAWAII ONE - 170 NM West Northwest of Kauai Island\'
51002,17.037,-157.696,"\'SOUTHWEST HAWAII - 215NM SSW of Hilo, HI\'"
51003,19.289,-160.569,"\'WESTERN  HAWAII - 205 NM SW of Honolulu, HI\'"
51004,17.602,-152.395,"\'SOUTHEAST HAWAII - 205 NM Southeast of Hilo, HI\'"
51005,20.4,-156.1,\'\'
51026,21.35,-156.93,\'Northern Molokai\'
51027,20.4,-157.1,\'\'
51028,0,-153.913,\'Christmas Island \'
51100,23.558,-153.9,"\'NORTHERN HAWAII TWO - 252NM NE of Honolulu, HI\'"
51101,24.318,-162.231,"\'NORTHWESTERN HAWAII TWO - 190NM NW of Kauai Is, HI  \'"
51406,-8.48,-125.027,\'CENTRAL SOUTH PACIFIC  - 1040NM NNE of Pitcarin Is \'
51407,19.553,-156.546,"\'HAWAII - 34NM West of Kailua-Kona, HI\'"
51425,-9.517,-176.32,"\'NORTHWEST APIA - 370 NM NW of Apia, Samoa\'"
51426,-23.11,-168.385,\'SOUTHEAST TONGA - 400NM SE of Tonga\'
51542,0,0,\'TAO Buoy Adrift\'
52009,13.729,-144.668,\'\'
52401,19.261,155.754,\'NORTHEAST SAIPAN - 610 NM ENE of Saipan\'
52402,11.929,153.909,\'SOUTHEAST SAIPAN - 540NM ESE of Saipan\'
52403,4.02,145.52,"\'NORTH MANUS - 345NM North of Manus Is , New Guinea\'"
52404,20.691,132.164,"\'NORTH PHILIPPINE SEA - 750 NM NE of Manila, Philippines\'"
52405,12.985,132.184,"\'SOUTH PHILIPPINE SEA -725 NM West of Agana, Guam\'"
52406,-5.307,164.977,\'NORTHEAST SOLOMON - 370NM NE of the Guadalcanal\'
54401,-33.102,-173.172,"\'NORTHEAST NEW ZEALAND - 640NM NE of Auckland, NZ\'"
91204,9.9,139.7,"\'Ulithi Is., Caroline\'"
91222,18.13,145.77,"\'Pagan Is.,Mariana\'"
91251,11.43,162.35,"\'Enewetak, MarShall\'"
91328,8.6,149.67,"\'Ulul Atoll, Caroline\'"
91338,5.28,153.65,"\'Satawan Atoll, Caro.\'"
91343,7.63,155.16,"\'Oroluk, Caroline\'"
91352,6.21,160.7,"\'Pingelap, Caroline\'"
91355,5.36,162.96,"\'Kosrae, Caroline\'"
91356,5.36,162.96,"\'Kosrae, Caroline\'"
91365,8.93,165.75,"\'Ujae Atoll, Marshall\'"
91374,8.7,171.2,"\'Maloelap, Marshall\'"
91377,6.1,172.1,"\'Mili, Marshalls Is.\'"
91411,8.3,137.5,"\'Ngulu Atoll, Caroline\'"
91442,4.6,168.7,"\'Ebon Atoll, Caroline\'"
ABAN6,44.333,-75.933,"\'Alexandria Bay, NY\'"
ALRF1,24.9,-80.6,\'Alligator Reef\'
ALSN6,40.45,-73.8,"\'Ambrose Light, NY\'"
AMAA2,58.915,-151.952,"\'East Amatuli Island Light, AK\'"
AUGA2,59.378,-153.348,"\'Augustine Island, AK\'"
BLIA2,60.839,-146.884,"\'Bligh Reef Light, AK\'"
BURL1,28.905,-89.428,"\'Southwest Pass, LA\'"
BUSL1,27.883,-90.9,\'Bullwinkle Block 65\'
BUZM3,41.397,-71.033,"\'Buzzards Bay, MA\'"
CARO3,43.342,-124.375,"\'Cape Arago, OR\'"
CDRF1,29.136,-83.029,"\'Cedar Key, FL\'"
CHLV2,36.905,-75.713,"\'Chesapeake Light, VA\'"
CLKN7,34.622,-76.525,"\'Cape Lookout, NC\'"
CSBF1,29.672,-85.357,"\'Cape San Blas, FL\'"
DBLN6,42.494,-79.354,"\'Dunkirk, NY\'"
DESW1,47.675,-124.485,"\'Destruction Island, WA\'"
DISW3,47.079,-90.728,"\'Devils Island, WI\'"
DPIA1,30.25,-88.075,"\'Dauphin Island, AL\'"
DRFA2,60.553,-152.137,"\'Drift River Terminal, AK\'"
DRYF1,24.638,-82.862,"\'Dry Tortugas, FL\'"
DSLN7,35.153,-75.297,"\'Diamond Shls Lt., NC\'"
DUCN7,36.184,-75.745,"\'Duck Pier, NC\'"
EB01,36.5,-73.5,\'\'
EB10,27.5,-88,\'\'
EB31,27,-86,\'\'
EB32,27,-84.3,\'\'
EB33,58.5,-141,\'\'
EB35,55.3,-157,\'\'
EB36,26,-84.8,\'\'
EB43,59.8,-142,\'\'
EB52,38.4,-74.3,\'\'
EB53,28.9,-88.3,\'\'
EB61,26.9,-84.6,\'\'
EB62,29,-85.6,\'\'
EB70,59.5,-142.3,\'\'
EB90,47,-130.9,\'BERING SEA\'
EB91,38.4,-74.3,\'\'
EB92,28.5,-90,\'\'
FARP2,8.583,144.583,"\'Faraulep, Carolines Island\'"
FBIS1,32.685,-79.888,"\'Folly Island, SC\'"
FFIA2,57.272,-133.63,"\'Five Fingers, AK\'"
FILA2,59.332,-151.995,"\'Flat Island Light, AK\'"
FPSN7,33.485,-77.59,"\'Frying Pan Shoals, NC\'"
FWYF1,25.591,-80.097,"\'Fowey Rock, FL\'"
GBCL1,27.8,-93.1,\'Garden Banks\'
GDIL1,29.267,-89.957,"\'Grand Isle, LA\'"
GLLN6,43.89,-76.45,"\'Galloo Island, NY\'"
IOSN3,42.967,-70.623,"\'Isle of Shoals, NH\'"
KTNF1,29.819,-83.594,"\'Keaton Beach, FL\'"
LNEL1,28.2,-89.1,\'Lena\'
LONF1,24.844,-80.864,"\'Long Key, FL\'"
LPOI1,48.06,-116.5,"\'Lake Pend Oreille, ID\'"
MDRM1,43.969,-68.128,"\'Mt Desert Rock, ME\'"
MISM1,43.784,-68.855,"\'Matinicus Rock, ME\'"
MLRF1,25.012,-80.376,"\'Molasses Reef, FL\'"
MPCL1,29.4,-88.6,\'Main Pass\'
MRKA2,61.082,-146.662,"\'Middle Rock Light, AK\'"
NWPO3,44.613,-124.067,"\'Newport, OR\'"
PILA2,59.742,-149.47,"\'Pilot Rock, AK\'"
PILM4,48.223,-88.366,"\'Passage Island, MI\'"
PLSF1,24.693,-82.773,"\'Pulaski Shoals Light, FL\'"
POTA2,61.06,-146.7,"\'Potato Point, AK\'"
PTAC1,38.955,-123.741,"\'Point Arena, CA\'"
PTAT2,27.826,-97.051,"\'Port Aransas, TX\'"
PTGC1,34.577,-120.648,"\'Point Arguello, CA\'"
ROAM4,47.867,-89.313,"\'Rock of Ages, MI\'"
SANF1,24.456,-81.877,"\'Sand Key, FL\'"
SAUF1,29.857,-81.265,"\'St. Augustine, FL\'"
SBIO1,41.629,-82.841,"\'South Bass Island, OH\'"
SGNW3,43.749,-87.693,"\'Sheboygan, WI\'"
SGOF1,29.408,-84.858,"\'Tyndall AFB Tower C (N4), FL\'"
SISW1,48.318,-122.843,"\'Smith Island, WA\'"
SJLF1,30.4,-81.4,\'St. John&#039
SMKF1,24.628,-81.111,"\'Sombrero Key, FL\'"
SPGF1,26.704,-78.995,"\'Settlement Point, GBI, Bahamas\'"
SRST2,29.683,-94.033,"\'Sabine Pass, TX\'"
STDM4,47.184,-87.225,"\'Stannard Rock, MI\'"
SUPN6,44.467,-75.8,"\'Superior Shoals, NY\'"
SVLS1,31.95,-80.68,"\'Savannah Light, GA\'"
THIN6,44.3,-75.983,"\'Thousand I. Brdg., NY\'"
TPLM2,38.899,-76.436,"\'Thomas Point, MD\'"
TTIW1,48.392,-124.735,"\'Tatoosh Island, WA\'"
VENF1,27.072,-82.453,"\'Venice, FL\'"
WPOW1,47.662,-122.436,"\'West Point, WA\'"
46108,59.597,-151.829,\'Lower Cook Inlet (204)\'
48114,65.011,-169.454,\'30 NM West of King Island\'
42401,27.509,-90.556,\'Stampede TLP - Green Canyon 468\'
42878,27.782,-92.019,\'Noble Paul Romano - Garden Banks 215\'
42879,27.476,-90.559,\'Ocean BlackRhino - GC512\'
42892,27.599,-92.298,\'Ocean Baroness - Garden Banks 386\'
42907,27.465,-90.566,\'Ocean Black Lion - Green Canyon 512\'
42919,28.26,-88.885,\'Stena Forth - Mississippi Canyon 725\'
42935,28.235,-88.995,\'Tubular Bells Spar - Green Canyon 724\'
42379,27.362,-90.181,\'Marco Polo TLP - Green Canyon 608\'
42398,26.132,-92.04,\'Lucius SPAR - Mississippi Canyon 857\'
42399,27.111,-92.04,\'Heidelberg - Green Canyon 860\'
42865,27.33,-91.4,\'Ocean BlackHornet - Green Canyon 627\'
42882,27.339,-94.47,\'Ocean Valiant - East Breaks 646\'
42884,26.913,-91.557,\'Ocean Blackhawk - Walker Ridge 52\'
42904,28.085,-87.986,\'Independence Hub -  Mississippi Canyon 920\'
42905,27.396,-90.305,\'Belford Dolphin - Green Canyon 561 #2\'
42931,27.115,-90.803,\'Noble Bob Douglas - Green Canyon 859\'
42936,27.962,-87.864,\'Rowan Resolute - Lloyd Ridge 1\'
41554,0,0,\'\'
41670,0,0,\'\'
41852,0,0,\'\'
41904,0,0,\'\'
41933,0,0,\'\'
52834,0,0,\'\'
52837,0,0,\'\'
52838,0,0,\'\'
52839,22.64,-168.07,\'\'
52840,0,0,\'\'
52841,37.09,-164.69,\'\'
52842,0,0,\'\'
52843,0,0,\'\'
52849,0,0,\'\'
52858,0,0,\'\'
52862,0,0,\'\'
52901,0,0,\'\'
42938,28.257,-89.274,\'Ocean Onyx - Mississippi Canyon 674\'
46246,50.033,-145.2,\'Ocean Station PAPA  (166)\'
46255,33.4,-119.651,"\'Begg Rock, CA  (138)\'"
42381,28.221,-89.615,\'Gomez Hub (ATP Innovator) - Mississippi Canyon 711A\'
42391,28.034,-89.101,\'Telemark Hub (ATP Titan) - Mississippi Canyon 941\'
42869,28.695,-87.931,\'Ocean Confidence - Mississippi Canyon 305 #2\'
42873,28.252,-89.622,\'Ocean Quest - Mississippi Canyon 711\'
53046,-11.445,113.607,\'South Bali\'
55012,-15.664,158.453,\'Coral Sea 1     -     1285km ENE of Townsville\'
55013,-46.665,161.001,\'TASMAN SEA 3     -     1160km ESE of Hobart\'
55015,-46.83,160.256,\'TASMAN SEA 1     -     1110km ESE of Hobart\'
55016,-26,176,\'ETD Fiji Basin\'
55023,-14.715,153.537,\'Coral Sea 2     -     870km NE of Townsville\'
55042,-44.898,161.841,\'Tasman Sea 2     -     1175km ESE of Hobart\'
55401,-46.922,160.562,"\'600 NM Southeast of Hobart, Tasmania\'"
56001,-14.016,109.944,\'Indian Ocean 1     -      1025km NW of Dampier\'
56003,-15.023,117.942,\'Indian Ocean 2     -     630km NNE of Dampier\'
42383,27.37,-89.924,\'Neptune TLP - Green Canyon 613\'
42393,27.301,-90.135,\'Shenzi TLP - Green Canyon 653\'
42871,27.331,-89.868,\'GSF CR Luigs - Atwater Valley 617\'
42897,27.355,-89.797,\'GSF Development Driller I - Atwater Valley 575\'
42932,27.437,-90.145,\'Deepwater Invictus - Green Canyon 521\'
42369,27.207,-90.283,\'Mad Dog Spar - Green Canyon 782\'
42370,27.322,-90.536,\'Holstein Spar- Green Canyon 645\'
42374,28.866,-88.056,\'Horn Mountain SPAR - Mississippi Canyon 126 and 127\'
42375,28.521,-88.289,\'Na Kika FPU - Mississippi Canyon 474\'
42376,29.108,-87.944,\'Marlin TLP - Viosca Knoll 915\'
42392,27.196,-90.027,\'Atlantis Semisub - Green Canyon 787\'
42853,27.331,-91.391,\'West Capricorn - Green Canyon 627\'
42868,28.214,-88.519,\'Discoverer Enterprise - Mississippi Canyon 777\'
42872,28.738,-88.366,\'Deepwater Horizon\'
42880,27.224,-90.032,\'West Auriga - Green Canyon 743\'
42885,28.249,-88.828,\'GSF Development Driller II - Mississippi Canyon 727 #2\'
42887,28.191,-88.496,\'Thunder Horse Semisub - Mississippi Canyon 778\'
42891,28.157,-88.502,\'West Vela - Mississippi Canyon 822\'
42893,27.146,-90.319,\'ENSCO DS-3 - Green Canyon 825\'
42901,28.463,-88.103,\'Helix Q5000 - Mississippi Canyon 522\'
42908,26.909,-93.305,\'West Sirius - Keathley Canyon 57\'
42916,28.445,-88.277,\'Development Driller III -  Mississippi Canyon 562\'
42920,26.865,-93.661,\'ENSCO DS-4 - Keathley Canyon 93\'
31051,-25.283,-44.933,\'Santos\'
31052,-8.15,-34.567,\'RECIFE\'
31053,-32.595,-51.353,\' RIO GRANDE DO SUL\'
31260,-23.031,-43.088,\'\'
CPXC1,35.17,-120.741,"\'Cal Poly Pier, CA\'"
MBXC1,35.37,-120.858,"\'Morro Bay - T Pier, CA\'"
DMBC1,37.507,-122.117,"\'Dumbarton Bridge at Newark, CA\'"
NLEC1,37.696,-122.192,"\'San Leandro Marina, CA\'"
41051,18.257,-65.004,"\'South of St. Thomas, VI\'"
41052,18.251,-64.763,"\'South of St. John, VI\'"
41053,18.474,-66.099,"\'San Juan, PR\'"
41056,18.26,-65.457,"\'Vieques Island, PR\'"
41115,18.376,-67.28,"\'Rincon, Puerto Rico (181)\'"
42085,17.86,-66.524,"\'Southeast of Ponce, PR\'"
IMGP4,17.969,-67.044,"\'Isla Magueyes, Lajas, PR\'"
PTRP4,18.367,-67.251,"\'Puntas Rincon, PR\'"
41027,33.302,-78.137,\'Sunset Mid-Shelf (SUN 3)\'
41030,32.52,-79.34,\'Capers Mid-Shelf (CAP 3)\'
SNSN7,33.865,-78.507,"\'8659897 - Sunset Beach, NC\'"
46096,46.173,-124.127,\'Columbia River Entrance - SATURN Station #02 Offshore\'
46116,46.286,-124.015,"\'SATURN Estuary Station #07, Baker Bay, WA\'"
46127,46.215,-124.063,"\'SATURN Offshore Station #10, Columbia River, South Jetty, OR\'"
DMNO3,46.226,-123.955,"\'Desdemona Sands Light, OR\'"
GPTW1,46.273,-123.767,"\'Grays Point, WA\'"
HMNO3,46.203,-123.952,"\'Hammond Tide Gauge, OR\'"
JTAW1,46.266,-124.038,"\'Jetty A, USCG Station Disappointment\'"
LSIO3,46.256,-123.982,"\'Lower Sand Island Light, OR\'"
PRTO3,45.518,-122.669,\'SATURN River Station #06 at Portland\'
SEFO3,46.204,-123.759,\'SATURN Estuary Station #04 at Mott Basin\'
SETO3,46.2,-123.941,\'SATURN Estuary Station #03\'
SRAW1,45.572,-122.379,"\'SATURN River Station #08, Camas, WA\'"
SRFW1,46.185,-123.188,\'SATURN River Station #05\'
TANO3,46.189,-123.919,"\'Tansy Point, OR\'"
TNSO3,46.238,-123.468,"\'Tenasillahe Island USFW Dock, OR\'"
WDYO3,46.252,-123.534,"\'Woody Island, OR\'"
CQUC1,38.066,-122.23,"\'Carquinez, CA\'"
HBXC1,40.777,-124.197,"\'Humboldt, CA\'"
MYXC1,36.605,-121.889,"\'Monterrey, CA\'"
TDPC1,41.055,-124.147,"\'Trinidad Pier Trinidad, CA\'"
TIBC1,37.892,-122.447,"\'Tiburon Pier, San Francisco Bay, CA\'"
44041,37.204,-76.778,"\'Jamestown, VA\'"
44042,38.033,-76.335,"\'Potomac, MD\'"
44043,39.152,-76.391,"\'Patapsco, MD\'"
44057,39.54,-76.074,"\'Susquehanna, MD\'"
44058,37.567,-76.257,"\'Stingray Point, VA\'"
44059,36.846,-76.298,"\'Norfolk, VA\'"
44061,38.788,-77.036,"\'Upper Potomac, MD\'"
44062,38.556,-76.415,"\'Gooses Reef, MD\'"
44063,38.963,-76.448,"\'Annapolis, MD\'"
44064,36.998,-76.087,"\'First Landing, VA\'"
44068,37.314,-77.191,\'VCU Rice Rivers Center \'
44072,37.201,-76.266,"\'York Spit, VA   \'"
44044,38.389,-76.526,\'Patuxent River Buoy\'
CBIM2,38.317,-76.451,\'Chesapeake Biological Laboratory Weather Station MD\'
15319,-5.583,11.833,\'Sanha - WANE 25947\'
42371,27.732,-91.111,\'Typhoon - Green Canyon 237\'
42372,27.78,-90.518,\'Genesis SPAR - Green Canyon 205A\'
42385,28.34,-88.266,\'Blind Faith Semisub - Mississippi Canyon 696\'
42386,27.326,-90.714,\'Tahiti Spar - Green Canyon 641\'
42396,26.235,-91.261,\'Jack &amp
42874,28.849,-88.313,\'Deepwater Asgard - Mississippi Canyon 122\'
42876,26.297,-91.094,\'Deepwater Conqueror - 678\'
42912,27.233,-91.143,\'Discoverer Clear Leader - Garden Banks 720\'
42917,27.359,-90.743,\'Discoverer Inspiration - Green Canyon 640\'
42926,26.201,-92.871,\'Discoverer India - Keathley Canyon 770\'
42929,26.949,-93.442,\'Pacific Santa Ana -  Keathley Canyon 10\'
42934,26.207,-91.443,\'Pacific Sharav - Walker Ridge 758\'
45015,41.714,-87.527,"\'Calumet Beach, Chicago, IL\'"
45016,41.783,-87.573,"\'Sixth-third St. Beach, Chicago, IL\'"
45017,41.903,-87.622,"\'Oak St. Beach, Chicago, IL\'"
45018,41.968,-87.637,"\'Montrose Ave. Beach, Chicago, IL\'"
45019,41.979,-87.649,"\'Foster Ave. Beach, Chicago, IL\'"
45177,41.894,-87.613,"\'Ohio St. Beach, Chicago, IL\'"
FSTI2,41.976,-87.648,"\'Foster Ave., Chicago, IL\'"
JAKI2,41.781,-87.573,"\'63rd St., Chicago, IL\'"
OKSI2,41.912,-87.624,"\'Oak St., Chicago, IL\'"
42898,27.026,-92.237,\'Rowan Reliance - Keathley Canyon 129\'
42013,27.173,-82.924,"\'C10 - WFS Central Buoy, 25m Isobath\'"
42014,25.254,-82.22,\'C17 - W. FL Sea-Coos\'
42021,28.311,-83.306,"\'C14 - Pasco County Buoy, FL\'"
42022,27.504,-83.741,"\'C12 - WFS Central Buoy, 50m Isobath\'"
42023,26.01,-83.086,"\'C13 - WFS South Buoy, 50m Isobath\'"
42024,27.464,-84.219,\'C16 - W. FL MERHAB\'
ANCF1,28.193,-82.789,"\'Anclote Gulf Park, FL\'"
ANMF1,27.538,-82.739,"\'ANM - Anna Maria, FL\'"
ARPF1,28.433,-82.667,"\'APK - Aripeka, FL\'"
BGCF1,26.404,-81.881,"\'BCP - Big Carlos Pass, FL\'"
CAMF1,27.765,-82.649,"\'Campbell Park, FL\'"
CLBF1,27.736,-82.692,"\'Clam Bayou, FL\'"
EGKF1,27.601,-82.759,"\'EGK - Egmont Key, FL\'"
FHPF1,28.153,-82.801,"\'FHP - Fred Howard Park, FL\'"
HSSF1,28.772,-82.707,"\'HOM - Homosassa, FL\'"
NFBF1,25.084,-81.096,"\'NFB - Northwest Florida Bay, FL\'"
PTRF1,28.285,-82.733,"\'PAS -Port Richey, FL\'"
SHPF1,30.058,-84.291,"\'SHP - Shell Point, FL\'"
TARF1,28.156,-82.758,"\'TAS - Tarpon Springs, FL\'"
42368,27.204,-92.203,\'Magnolia TLP - Garden Banks 783A\'
42883,26.515,-94.212,\'Maersk Valiant - Alaminos Canyon 475\'
32403,-23.196,-71.996,"\'91NM West of Antofagasta, Chile\'"
32404,-32.118,-73.783,\'120 NM NW of Valparaiso\'
34420,-35.783,-75.2,"\'119NM NW of Concepcion, Chile\'"
MLTO3,46.214,-123.62,"\'Marsh Island, OR\'"
41024,33.837,-78.484,"\'Sunset Nearshore, NC (SUN2)\'"
41029,32.803,-79.624,"\'Capers Nearshore, SC (CAP2)\'"
41033,32.279,-80.41,"\'Fripp Nearshore, SC (FRP2)\'"
41037,33.989,-77.361,"\'Wrightsville Beach Offshore, NC (ILM3)\'"
41038,34.142,-77.719,"\'Wrightsville Beach Nearshore, NC (ILM2)\'"
41064,34.207,-76.949,"\'Onslow Bay Outer, NC (LEJ3)\'"
41110,34.141,-77.717,"\'Masonboro Inlet, ILM2, NC (150)\'"
41159,34.21,-76.948,"\'Onslow Bay Outer, NC (217)\'"
OCPN7,33.911,-78.147,"\'OCP1 - Ocean Crest Pier, NC\'"
SSBN7,33.841,-78.482,\'Sunset Beach Nearshore Waves (SUN2WAVE)\'
BSCA1,30.329,-87.829,"\'Bon Secour, AL\'"
CRTA1,30.308,-88.14,"\'Cedar Point, AL\'"
DPHA1,30.251,-88.078,"\'Dauphin Island Sea Lab, AL\'"
KATA1,30.258,-88.213,"\'Katrina Cut, AL\'"
MBLA1,30.437,-88.011,"\'Middle Bay Lighthouse, AL\'"
MHPA1,30.667,-87.936,"\'Meaher Park, AL\'"
PPTA1,30.279,-87.556,"\'Perdido Pass, AL\'"
42928,28.474,-88.15,\'ENSCO 8505 - Mississippi Canyon 521\'
44054,38.883,-75.183,\'Lower Delaware Bay Buoy\'
44055,39.122,-75.256,\'Central Delaware Bay\'
32489,2.998,-79.101,"\'Colombia   121NM SW of Buenaventura, Colombia\'"
32487,3.517,-77.737,"\'Buenaventura, Colombia\'"
32488,6.258,-77.511,"\'Bahia Solano, Colombia\'"
41193,12.351,-72.218,"\'Puerto Bolivar, Colombia\'"
41194,11.161,-74.681,"\'Barranquilla, Colombia\'"
42384,27.993,-90.326,\'Prince TLP - Ewing Bank 1003\'
42855,28.201,-88.766,\'ENSCO 8506 - Mississippi Canyon 772\'
42866,28.491,-88.997,\'Transocean Amirante - Mississippi Canyon 460\'
42881,27.554,-88.361,\'Transocean Marianas - Atwater Valley 428\'
42909,28.201,-88.752,\'ENSCO 8500 - Mississippi Canyon 772\'
42921,28.354,-87.82,\'Deepwater Pathfinder - DeSoto Canyon 618 #1\'
42362,27.795,-90.648,\'Brutus TLP - Green Canyon 158\'
44137,42.26,-62,\'East Scotia Slope\'
44138,44.25,-53.63,\'SW Grand Banks\'
44139,44.24,-57.1,\'Banqureau Banks\'
44140,42.87,-51.47,\'Tail of the Bank\'
44141,42.99,-57.96,\'Laurentian Fan\'
44142,42.5,-64.033,\'La Have Bank\'
44150,42.5,-64.02,\'La Have Bank\'
44174,49.075,-60.822,\'Anticosti\'
44175,46.877,-62,\'iles de la Madeleine\'
44176,47.535,-64.527,\'Point Escuminac\'
44235,47.263,-57.341,"\'South Ramea Island, Newfoundland (170)\'"
44251,46.44,-53.39,\'Nickerson Bank\'
44255,47.27,-57.34,\'NE Burgeo Bank\'
44258,44.5,-63.4,\'Halifax Harbour\'
45132,42.46,-81.22,\'Port Stanley\'
45135,43.78,-76.87,\'Prince Edward Pt\'
45136,48.53,-86.95,\'Slate Island\'
45137,45.54,-81.01,\'Georgian Bay\'
45138,49.54,-65.71,\'Mont Louis\'
45139,43.25,-79.53,\'West Lake Ontario - Grimsby\'
45140,50.79,-96.73,\'Lake Winnipeg S. Basin\'
45141,61.18,-115.31,\'Great Slave Lake\'
45142,42.74,-79.29,\'Port Colborne\'
45143,44.94,-80.627,\'South Georgian Bay\'
45144,53.23,-98.29,\'Lake Winnipeg North\'
45145,51.87,-96.97,\'Lake Winnipeg Narrows\'
45147,42.43,-82.68,\'Lake St Clair\'
45148,49.65,-94.5,\'Lake of the Woods\'
45149,43.54,-82.07,\'Southern Lake Huron\'
45150,61.98,-114.13,"\'Great Slave Lake, North Arm\'"
45151,44.5,-79.37,\'Lake Simcoe\'
45152,46.23,-79.72,\'Lake Nipissing\'
45154,46.05,-82.64,\'North Channel East\'
45155,43.59,-79.39,\'Pan Am Games\'
45158,59,-94,\'Hudson Bay\'
45159,43.77,-78.98,\'NW Lake Ontario Ajax\'
45160,43.417,-79.633,\'16-Mile Creek\'
46004,50.93,-136.1,\'Middle Nomad\'
46036,48.35,-133.94,\'South Nomad\'
46131,49.91,-124.99,\'Sentry Shoal\'
46132,49.74,-127.93,\'South Brooks\'
46134,48.65,-123.5,\'Pat Bay\'
46138,52.437,-129.795,"\'South Hecate Strait, Canada (174)\'"
46139,48.844,-126.01,"\'La Perouse Bank DWR, Canada  (195)\'"
46145,54.37,-132.44,\'Central Dixon Entrance Buoy\'
46146,49.34,-123.73,\'Halibut Bank\'
46147,51.83,-131.22,\'South Moresby\'
46181,53.83,-128.83,\'Nanakwa Shoal\'
46183,53.62,-131.1,\'North Hecate Strait\'
46184,53.91,-138.85,\'North Nomad\'
46185,52.42,-129.79,\'South Hecate Strait\'
46204,51.38,-128.77,\'West Sea Otter\'
46205,54.19,-134.32,\'West Dixon Entrance\'
46206,48.84,-126,\'La Perouse Bank\'
46207,50.87,-129.92,\'East Dellwood\'
46208,52.52,-132.69,\'West Moresby\'
48021,70.35,-133,\'Tuktoyaktuk\'
CWCI,47.334,-85.833,\'Caribou Island\'
LMBV4,19.594,-96.379,"\'La Mancha Beach, Mexico\'"
SACV4,19.174,-96.093,"\'Sacrifice Island, Mexico\'"
VERV4,19.204,-96.113,"\'Veracruz Harbor, MX\'"
55039,-38.36,148.11,\'\'
BDVF1,25.478,-80.989,"\'Broad River, FL\'"
BKYF1,25.119,-80.834,"\'Buoy Key, FL\'"
BNKF1,25.087,-80.519,"\'Butternut Key, FL\'"
BOBF1,25.027,-80.681,"\'Bob Allen, FL\'"
BSKF1,25.266,-81.162,"\'Big Sable Creek, FL\'"
BWSF1,25.178,-80.438,"\'Blackwater Sound, FL\'"
CANF1,25.422,-80.942,"\'Cane Patch, FL\'"
CNBF1,25.702,-81.186,"\'Cannon Bay, FL\'"
CWAF1,25.297,-81.013,"\'Clear Water Pass, FL \'"
DKKF1,25.18,-80.49,"\'Duck Key, FL\'"
GBIF1,25.378,-81.029,"\'Gunboat Island, FL\'"
GBTF1,25.167,-80.801,"\'Garfield Bight, FL\'"
GKYF1,24.627,-82.872,"\'Garden Key, FL\'"
HCEF1,25.254,-80.444,"\'Highway Creek, FL\'"
HREF1,25.424,-81.06,"\'Harney River, FL\'"
JKYF1,25.053,-80.904,"\'Johnson Key, FL\'"
LBRF1,25.484,-81.133,"\'Broad River Lower, FL\'"
LBSF1,25.214,-80.432,"\'Little Blackwater, FL\'"
LMDF1,25.176,-80.633,"\'Little Madeira, FL\'"
LMRF1,25.556,-81.169,"\'Lostmans River, FL\'"
LRIF1,25.284,-80.894,"\'Lane River, FL \'"
LRKF1,24.982,-80.826,"\'Little Rabbit Key, FL\'"
LSNF1,25.235,-80.457,"\'Long Sound, FL\'"
MUKF1,25.106,-80.942,"\'Murray Key, FL\'"
NRRF1,25.338,-80.911,"\'North River, FL\'"
PKYF1,24.918,-80.747,"\'Peterson Key, FL\'"
SREF1,25.352,-81.1,"\'Shark River, FL\'"
TBYF1,25.155,-80.722,"\'Terrapin Bay, FL\'"
TCVF1,25.213,-80.533,"\'Trout Cove, FL\'"
TPEF1,25.41,-80.964,"\'Tarpon Bay East, FL\'"
TRRF1,25.217,-80.65,"\'Taylor River, FL\'"
WIWF1,25.587,-81.044,"\'Willy Willy, FL\'"
WPLF1,25.71,-81.249,"\'Watson Place, FL\'"
WRBF1,25.072,-80.735,"\'Whipray Basin, FL\'"
WWEF1,25.232,-80.938,"\'White Water -West, FL\'"
42899,26.066,-92.06,\'Ocean Endeavor - Keathley Canyon 919\'
42930,26.906,-94.906,\'Deepwater Champion - Alaminos Canyon 65\'
42937,26.384,-91.367,\'Maersk Viking - Walker Ridge 584\'
KATP,27.195,-90.027,\'Green Canyon 787 / Atlantis (BP)\'
KBBF,28.058,-95.872,\'Brazos 133B (Apache Corp)\'
KBQX,28.314,-95.62,\'Brazos 538 (Transco)\'
KCMB,29.441,-92.979,\'East Cameron 47JP (Apache Corp)\'
KCRH,28.909,-93.302,\'West Cameron 368A (Century Exploration)\'
KCVW,29.784,-93.3,"\'Cameron, LA (PHI)\'"
KDLP,29.121,-89.547,\'West Delta 27A (AngloSuisse Offshore Partners)\'
KEHC,28.429,-92.878,\'East Cameron 278B (Apache Corp)\'
KEIR,28.634,-91.489,\'Eugene Island 215 (McMoRan Oil &amp
KEMK,27.819,-94.323,\'East Breaks 165 (SandRidge Energy)\'
KGBK,27.204,-92.203,\'Garden Banks 783 / Magnolia TLP (ConocoPhillips)\'
KGHB,27.84,-91.988,\'Garden Banks 172 / Salsa (Shell E &amp
KGRY,27.625,-90.441,\'Green Canyon 338 / Front Runner (Murphy E&amp
KGUL,27.304,-93.538,\'Garden Banks 668 / Gunnison Spar (Anadarko)\'
KGVX,28.577,-94.976,\'Galveston 424C (Nippon Oil Exploration)\'
KHHV,26.939,-94.689,\'Alaminos Canyon 25 / Hoover-Diana (ExxonMobile Corp)\'
KHQI,27.934,-93.669,\'High Island 376B (Apache)\'
KIKT,28.521,-88.289,\'Mississippi  Canyon 474 / Na Kika (BP)\'
KIPN,28.085,-87.986,\'Mississippi Canyon 920 / Independence Hub (Anadarko / Enterprise)\'
KMDJ,28.643,-89.794,\'Mississippi Canyon 311A (Apache Corp)\'
KMIS,29.296,-88.842,\'MP 140B  AWOS (Apache Corp)\'
KMIU,27.289,-96.736,\'Mustang Island A31B (Merit Energy)\'
KMYT,28.221,-89.615,\'Mississippi Canyon 711 / ATP Innovator (ATP Oil &amp
KMZG,27.727,-96.191,\'Mustang Island A85A (Apache Corp)\'
KOPM,26.833,-96.94,\'North Padre Island 975 (Peregrine Oil &amp
KSCF,29.116,-91.871,\'South Marsh 268A (Apache Corp)\'
KSPR,28.599,-91.206,\'Ship Shoal 178 (Apache Corp)\'
KSQE,28.083,-90.819,\'Ship Shoal 354 (Fieldwood Energy)\'
KSTZ,28.16,-90.666,\'South Timballer 301B / Popeye  (Shell E &amp
KVAF,27.354,-94.625,\'East Breaks 643 / Boomvang Spar (Anadarko)\'
KVBS,29.478,-93.638,\'Sabine Pass 13B (Nippon Oil Exploration)\'
KVKY,29.248,-88.441,\'Main Pass 289C (Apache Corp.)\'
KVNP,29.467,-92.368,\'Vermillion 26 (Mariner Energy)\'
KVOA,29.229,-87.781,\'Vissco Knoll 786 / Petronius (Chevron)\'
KVQT,28.27,-92.264,\'Vermillon 331A  (ERT / Helix)\'
KXIH,29.18,-94.521,\'High Island 179A AWOS (Apache Corp)\'
KXPY,29.123,-90.202,\'Fourchon Heliport  (Era Helicopters)\'
SIPF1,27.862,-80.445,"\'Sebastian Inlet State Park North Jetty, FL\'"
42888,28.893,-87.985,\'Rowan Relentless - Mississippi Canyon 84\'
42933,27.333,-90.599,\'Noble Sam Croft - Green Canyon 643\'
42939,28.859,-88.044,\'Noble Tom Madden - Mississippi Canyon 84\'
45161,43.179,-86.357,"\'Muskegon Buoy, MI\'"
45162,44.988,-83.271,"\'Thunder Bay Buoy, Alpena, MI\'"
45163,43.986,-83.595,"\'Saginaw Bay Buoy, MI\'"
APNM4,45.06,-83.424,"\'Alpena Harbor Light, Alpena, MI\'"
CHII2,41.916,-87.572,"\'Harrison-Dever Crib, Chicago, IL\'"
MCYI3,41.729,-86.912,"\'Michigan City Harbor Entrance Light, Michigan City, IN\'"
MKGM4,43.227,-86.339,"\'Muskegon CG Station, Muskegon, MI\'"
MLWW3,43.045,-87.88,"\'North Milwaukee Harbor Inlet Pier Light, Milwaukee, WI\'"
SRLM4,45.773,-84.137,"\'Spectacle Reef Light, MI\'"
SVNM4,42.401,-86.288,"\'South Haven Light, South Haven, MI\'"
TBIM4,45.035,-83.194,"\'Thunder Bay Island, MI\'"
THLO1,41.826,-83.194,\'Toledo Light No. 2 OH\'
WSLM4,45.842,-85.135,"\'White Shoal Light, MI\'"
42098,27.589,-82.931,"\'Egmont Channel Entrance, FL (214)\'"
42388,27.73,-91.109,\'Helix Producer 1 - Green Canyon 237\'
42859,27.514,-90.376,\'Discoverer 534 (D534) - Green Canyon 516\'
ERKC1,40.778,-124.196,"\'Dock B Eureka, CA\'"
32401,-20.474,-73.421,"\'180 NM West of Iquique, Chile\'"
32402,-26.743,-73.983,"\'180 NM  West of Caldera, Chile\'"
TFBLK,65.698,-24.778,"\'10.0 nm WNW on Blakknes, Iceland\'"
45170,41.755,-86.968,"\'Michigan City Buoy, IN\'"
45174,42.135,-87.655,"\'Wilmette Buoy, IL\'"
23217,3.798,91.701,\'Bay of Bengal IN3\'
23218,9.999,88.5,\'Bay of Bengal IN4\'
23219,13.5,88.998,\'Bay of Bengal\'
23227,6.255,88.792,\'Bay of Bengal\'
23228,20.799,65.347,\'Arabian Sea\'
53401,0.05,91.899,\'Indonesia\'
31261,-31.538,-49.862,\'\'
31478,-22.882,-43.132,\'\'
32066,-1.136,-81.765,\'Ecuador INOCAR\'
32067,0.641,-81.262,\'ECUADOR INOCAR\'
41057,19.833,-70.731,"\'Puerto Plata, DO\'"
42087,11.185,-60.848,"\'Buccoo Reef, Buccoo Marine Park, TT\'"
42088,11.301,-60.521,"\'Angel Reef, TT\'"
42089,19.699,-80.061,"\'Little Cayman Research Center, CYM\'"
42090,18.432,-69.58,"\'Catuan Wreck, Boca Chica, DR\'"
LCIY2,19.699,-80.06,"\'Little Cayman Research Centre, Cayman Islands\'"
LLBP7,15.157,145.77,"\'Lao Lao Bay, Saipan, CNMI\'"
LPRP4,17.939,-67.052,"\'Media Luna, La Parguera, PR\'"
PVGF1,26.092,-80.109,"\'Port Everglades Channel, FL\'"
SRBV3,17.784,-64.762,"\'Salt River Bay, St. Croix, U.S. Virgin Islands\'"
44067,38.368,-76.996,"\'Potomac River, Near HWY 301\'"
46109,48.123,-123.395,\'Port Angeles Buoy\'
46110,48.115,-123.032,\'Sequim Buoy\'
46111,48.131,-122.748,\'Fort Worden Buoy\'
46112,48.1,-122.73,\'Marrowstone Buoy\'
46113,47.73,-122.646,\'Poulsbo Buoy\'
21178,33.12,133.62,\'South of Shikoku\'
21346,40.302,146.192,"\'21346  380km East of Iwate, Japan\'"
21347,39.601,145.799,"\'21347  320km East of Iwate, Japan\'"
21348,38.816,145.595,"\'21348   350km East of Miyagi, Japan\'"
21595,28.76,137.91,\'Drifter\'
21597,40.59,145.56,\'Drifter\'
21598,0,0,\'Drifter\'
21600,0,0,\'Drifter\'
21636,0,0,\'Drifter\'
21637,0,0,\'Drifter\'
21640,0,0,\'Drifter\'
21707,0,0,\'\'
42366,27.122,-91.959,\'Red Hawk SPAR - Garden Banks 877\'
42373,27.354,-94.625,\'Boomvang - East Breaks 643\'
42377,27.293,-90.968,\'Constitution Truss Spar - Green Canyon 680\'
42382,27.304,-93.538,\'Gunnison - Garden Banks 668\'
23020,22.162,38.5,\'Red Sea\'
22101,22.162,38.5,\'Red Sea\'
22102,34.8,125.77,\'\'
22103,34,127.5,\'\'
22104,34,127.5,\'\'
22105,37.53,130,\'\'
22106,36.35,129.78,\'\'
22107,33.08,126.03,\'\'
22108,36.25,125.75,\'\'
45026,41.983,-86.617,"\'Cook Nuclear Plant Buoy, Stevensville, MI\'"
45029,42.9,-86.272,"\'Holland Buoy, MI\'"
45164,41.732,-81.694,"\'Cleveland Buoy, OH\'"
45165,41.702,-83.261,"\'Toledo Water Intake Buoy, Oregon, OH\'"
45168,42.397,-86.331,"\'South Haven Buoy, MI\'"
45169,41.615,-81.821,"\'Lakewood Buoy, OH\'"
45176,41.55,-81.765,"\'Cleveland Intake Crib Buoy, OH\'"
42397,28.755,-88.267,\'Delta House FPU - Mississippi Canyon 254\'
42852,28.501,-89.769,\'Who Dat FPS - Mississippi Canyon 547\'
42875,28.154,-89.836,\'Noble Amos Runner - Mississippi Canyon 794\'
42894,28.77,-88.834,\'Noble Lorris Bouzigard - Mississippi Canyon 199\'
42896,28.919,-88.476,\'Sevan Louisiana - Mississippi Canyon 74\'
42940,28.15,-88.176,\'West Neptune - Mississippi Canyon 301\'
BHRC3,28.15,-88.176,\'West Neptune - Mississippi Canyon 301\'
FWIC3,41.15,-73.172,"\'Fayerweather Island, CT\'"
MISC3,41.074,-73.134,"\'North Middle Sound, CT\'"
MISN6,41.049,-73.121,"\'South Middle Sound, NY\'"
NCSC3,41.099,-73.147,"\'North Central Sound, CT\'"
NOSC3,41.125,-73.159,"\'Northern Open Sound, CT\'"
OFPN6,40.973,-73.083,"\'Old Field Island, NY\'"
PTJN6,40.948,-73.07,"\'Port Jefferson, NY\'"
SCSN6,41.024,-73.108,"\'South Central Sound, NY\'"
SOSN6,40.998,-73.095,"\'Southern Open Sound, NY\'"
LOPL1,28.885,-90.025,"\'Louisiana Offshore Oil Port, LA\'"
GRBL1,29.101,-89.978,"\'Grand Isle Blocks, LA / CSI09\'"
ILDL1,29.053,-90.533,"\'Isle Dernieres, LA / CSI05\'"
MRSL1,29.441,-92.061,"\'Marsh Island, LA / CSI03\'"
SIPM6,30.267,-89.017,"\'Ship Island Pass, MS / CSI13\'"
SLPL1,30.267,-89.017,"\'Ship Island Pass, MS / CSI13\'"
SPLL1,30.267,-89.017,"\'Ship Island Pass, MS / CSI13\'"
LKPL1,30.315,-90.281,"\'Western Lake Pontchartrain, LA\'"
LUML1,29.255,-90.664,"\'LUMCON Marine Center, LA\'"
TAML1,29.188,-90.665,"\'Tambour Bay, LA\'"
TRBL1,29.187,-90.608,"\'Terrebonne Bay, LA\'"
42915,28.01,-89.043,\'Maersk Developer - Mississippi Canyon 942\'
42911,27.464,-92.433,\'Ocean Monarch - Garden Banks 515 #3\'
HMSA2,59.602,-151.417,"\'Homer Spit, AK\'"
ICYA2,59.927,-141.359,"\'Icy Bay, AK\'"
JMLA2,59.927,-141.359,"\'Icy Bay, AK\'"
MRNA2,58.198,-134.257,"\'Marmion Island, AK\'"
MRYA2,55.099,-131.182,"\'Mary Island, AK\'"
NKLA2,55.099,-131.182,"\'Mary Island, AK\'"
PTLA2,58.346,-134.752,"\'Portland Island, AK\'"
TKEA2,57.779,-135.219,"\'Tenakee Springs, AK\'"
FGBL1,28.118,-93.67,\'High Island 334\'
42870,28.118,-93.67,\'High Island 334\'
42910,27.847,-90.719,\'Noble Driller - Green Canyon 113\'
46044,27.847,-90.719,\'Noble Driller - Green Canyon 113\'
46091,27.847,-90.719,\'Noble Driller - Green Canyon 113\'
46092,36.75,-122.03,\'MBM1\'
46093,36.75,-122.03,\'MBM1\'
62090,53.127,-11.2,\'M1 - 50 NM West of Aran Islands\'
62091,53.469,-5.418,\'M2 - 20 NM East of Lambay\'
62092,53.469,-5.418,\'M2 - 20 NM East of Lambay\'
62093,55,-10,\'M4 - Donegal Bay\'
62094,51.41,-6.42,\'M5 - South East\'
62095,51.41,-6.42,\'M5 - South East\'
41096,16.533,-61.404,\'North of Guadeloupe\'
41097,14.48,-61.096,"\'Fort-de-France, Martinique\'"
41098,14.894,-61.113,\'North of Martinique\'
41100,15.9,-57.883,\'East of Guadeloupe\'
41101,14.6,-56.201,\'East of Martinique\'
41300,15.85,-57.467,\'West Indies\'
61001,43.4,7.8,\'Nice Buoy\'
61002,42.102,4.703,\'Lion Buoy\'
62052,48.5,-5.6,\'\'
62027,49.082,-2.218,"\'Jersey Buoy, English Channel - 5 nm south of Jersey, UK\'"
45023,47.27,-88.607,"\'North Entry Buoy, North Keweenaw Peninsula, MI\'"
45025,46.969,-88.398,"\'South Entry Buoy, South Keweenaw Peninsula, MI\'"
45175,45.825,-84.772,"\'Mackinac Straits West, Mackinaw City, MI \'"
GOM01,24.899,-83.868,\'Mississippi State University Wave Glider - GOM01\'
MSG10,28.184,-83.956,\'Mississippi State University Wave Glider - MSG10\'
MSG12,26.006,-83.991,\'Mississippi State University Wave Glider - MSG12\'
MSG14,27.487,-83.987,\'Mississippi State University Wave Glider - MSG14\'
MLSC1,36.802,-121.791,"\'Moss Landing, South Harbor, CA\'"
42387,28.267,-88.399,\'Thunder Hawk FPU - Mississippi Canyon 734\'
42867,28.183,-88.629,\'Discoverer Deep Seas - Mississippi Canyon 819\'
42889,28.394,-89.465,\'Medusa Spar - Mississippi Canyon 582A\'
42890,27.625,-90.441,\'Front Runner SPAR - Green Canyon 338A\'
42925,28.301,-88.127,\'ENSCO DS-5 - Mississippi Canyon 697\'
44022,40.883,-73.728,\'Execution Rocks\'
44039,41.138,-72.655,\'Central Long Island Sound\'
44040,41.138,-72.655,\'Central Long Island Sound\'
44060,41.138,-72.655,\'Central Long Island Sound\'
LDLC3,41.138,-72.655,\'Central Long Island Sound\'
23401,8.905,88.537,"\'600 NM West-Northwest of Phuket, Thailand\'"
23461,9.541,95.668,\'Central Andaman Sea\'
ACFS1,32.636,-80.366,"\'Fishing Creek, ACE Basin Reserve, SC\'"
ACQS1,32.636,-80.366,"\'Fishing Creek, ACE Basin Reserve, SC\'"
ACXS1,32.559,-80.454,\'Bennett&#039
ANMN6,32.559,-80.454,\'Bennett&#039
ANRN6,42.027,-73.926,"\'Tivoli South, Hudson River Reserve, NY\'"
APQF1,29.786,-84.875,"\'East Bay Bottom, Apalachicola Reserve, FL\'"
APXF1,29.791,-84.883,"\'East Bay, Apalachicola Reserve, FL\'"
BGXN3,43.059,-70.83,"\'Greenland, Great Bay Reserve, NH\'"
BRIM2,38.781,-76.714,"\'Railroad Bridge, Chesapeake Bay Reserve, MD\'"
BSLM2,38.781,-76.708,"\'Jug Bay, Chesapeake Bay Reserve, MD\'"
BVQW1,48.496,-122.501,"\'Bayview Channel - Padilla Bay, WA\'"
CHNO3,43.345,-124.329,"\'South Slough Reserve, OR \'"
CHQO3,43.282,-124.32,"\'Winchester Arm - South Slough, OR\'"
CVQV2,37.571,-76.884,"\'Sweet Hall, Chesapeake Bay Reserve, VA\'"
CWQO3,43.338,-124.321,"\'Charleston Bridge, South Slough Reserve, OR\'"
DBQS1,33.36,-79.167,"\'Debidue Creek - North Inlet - Winyah Bay, SC\'"
DEQD1,39.114,-75.499,"\'Lebanon Landing, Delaware Reserve, DE\'"
DRSD1,39.089,-75.437,"\'Saint Jones River, Delaware Reserve, DE\'"
ELQC1,36.818,-121.739,"\'South Marsh, Elkhorn Slough Reserve, CA\'"
ELXC1,36.815,-121.738,"\'Caspian Weather Station, Elkhorn Slough Reserve, CA\'"
EVMC1,36.811,-121.779,"\'Vierra Mouth, Elkhorn Slough Reserve, CA\'"
FFFC1,38.195,-122.033,\'First Mallard\'
GBQN3,43.134,-70.911,"\'Oyster River, Great Bay Reserve, NH\'"
GDQM6,30.357,-88.463,"\'Bangs Lake, Grand Bay Reserve, MS\'"
GDWV2,37.216,-76.393,"\'Goodwin Island, Chesapeake Bay Reserve, VA\'"
GDXM6,30.359,-88.42,"\'Crooked Bayou, Grand Bay Reserve, MS\'"
GGGC1,38.016,-122.509,\'Gallinas Creek\'
GTQF1,29.667,-81.257,"\'Pellicer Creek, Guan Tolomato Matanzas Reserve, FL\'"
GTXF1,29.658,-81.233,"\'Pellicer Creek, Guana Tolomato Matanzas Reserve, FL\'"
HMRA2,59.601,-151.41,"\'Homer, Kachemak Bay Reserve, AK\'"
HUQN6,42.036,-73.925,"\'Tivoli North, Hudson River Reserve, NY\'"
JCQN4,39.548,-74.461,"\'Chestnut Neck, Jacques Cousteau Reserve, NJ\'"
JCRN4,39.535,-74.464,"\'Nacote Creek, Jacques Cousteau Reserve, NJ\'"
JCTN4,39.508,-74.338,"\'Buoy 126, Jacques Cousteau Reserve, NJ\'"
JOBP4,17.944,-66.238,"\'Station 9, Jobos Bay Reserve, PR\'"
JOQP4,17.93,-66.211,"\'Station 20, Jobos Bay Reserve, PR\'"
JOXP4,17.956,-66.223,"\'Jobos Bay Weather, Jobos Bay Reserve, PR\'"
KCHA2,59.602,-151.409,"\'Homer Dolphin Deep, Kachemak Bay Reserve, AK\'"
LTQM2,39.451,-76.275,"\'Otter Point Creek, Chesapeake Bay Reserve, MD\'"
MAQT2,27.98,-97.029,"\'Aransas Bay, Mission-Aransas Reserve, TX\'"
MAXT2,28.132,-97.034,"\'Copano East, Mission-Aransas Reserve, TX\'"
MIST2,27.838,-97.05,"\'Ship Channel, Mission-Aransas Reserve, TX\'"
NAQR1,41.578,-71.321,"\'T-Wharf Bottom, Narragansett Bay Reserve, RI\'"
NAXR1,41.637,-71.339,"\'Potters Cove, Narragansett Bay Reserve, RI\'"
NIQS1,33.349,-79.189,"\'Oyster Landing, North Inlet-Winyah Bay Reserve, SC\'"
NIWS1,33.349,-79.189,"\'Oyster Landing, North Inlet-Winyah Bay Reserve, SC\'"
NOQN7,34.156,-77.85,"\'Research Creek, North Carolina Reserve, NC\'"
NOXN7,34.155,-77.851,"\'Research Creek, North Carolina Reserve, NC\'"
OWQO1,41.382,-82.514,"\'Lower Estuary, Old Woman Creek Reserve, OH\'"
OWXO1,41.378,-82.508,"\'Old Woman Creek, Old Woman Creek Reserve, OH\'"
PBFW1,48.464,-122.469,"\'Padilla Bay Farm, Padilla Bay Reserve, WA\'"
PBLW1,48.556,-122.53,"\'Ploeg Channel, Padilla Bay Reserve, WA\'"
PKBW3,46.672,-92.136,"\'Pokegama Bay, Lake Superior Reserve, WI\'"
RKQF1,26.027,-81.734,"\'Lower Henderson Creek, Rookery Bay Reserve, FL\'"
RKXF1,26.05,-81.701,"\'Upper Henderson Creek, Rookery Bay Reserve, FL\'"
RYEC1,38.184,-122.014,\'Second Mallard\'
SAQG1,31.418,-81.296,"\'Lower Duplin, Sapelo Island Reserve, GA\'"
SAXG1,31.418,-81.296,"\'Marsh Island, Sapelo Island Reserve, GA\'"
SCLD1,39.085,-75.461,"\'Scotton Landing, Delaware Reserve, DE\'"
SCQC1,38.001,-122.46,"\'China Camp, San Francisco Bay Reserve, CA\'"
SCQN6,42.046,-73.911,"\'Stony Creek, Hudson River Reserve, NY\'"
SEQA2,59.441,-151.721,"\'Seldovia Deep, Katchemak Bay Reserve, AK\'"
SFXC1,38.2,-122.026,"\'Rush Ranch, San Francisco Bay Reserve, CA\'"
SLOO3,43.296,-124.311,"\'Elliot Creek - South Slough Reserve, OR\'"
SOQO3,43.317,-124.322,"\'Valino Island, South Slough Reserve, OR\'"
TIQC1,32.568,-117.131,"\'Oneonta Slough, Tijuana River Reserve, CA\'"
TIXC1,32.575,-117.127,"\'Tidal Linkage, Tijuana River Reserve, CA\'"
WAQM3,41.552,-70.549,"\'Menauhant, Waquoit Bay Reserve, MA\'"
WAXM3,41.582,-70.525,"\'Carriage House, Waquoit Bay Reserve, MA\'"
WEBM1,43.32,-70.563,"\'Webhannett River Inlet, Wells Reserve, ME\'"
WEQM1,43.345,-70.549,"\'Skinner Mill, Wells Reserve, ME\'"
WEXM1,43.337,-70.549,"\'Laudholm Farm, Wells Reserve, ME\'"
WKQA1,30.417,-87.823,"\'Fish River, Weeks Bay Reserve, AL\'"
WKXA1,30.421,-87.828,"\'Safe Harbor Met Station, Weeks Bay Reserve, AL\'"
YRSV2,37.414,-76.712,"\'Taskinas Creek, Chesapeake Bay Reserve, VA\'"
ZBQN7,33.955,-77.935,\'Zeke&#039
23220,14.433,89.333,\'Bay of Bengal\'
23223,17.5,89.783,\'Bay of Bengal\'
23226,20.2,67.333,\'Arabian Sea\'
LPWA2,20.2,67.333,\'Arabian Sea\'
NBBA3,36.087,-114.728,\'Lake Mead - North Boulder Basin\'
NLMA3,35.458,-114.666,\'Lake Mohave - North\'
SBBN2,36.05,-114.748,\'Lake Mead - South Boulder Basin\'
SLMN2,35.389,-114.621,\'Lake Mohave - South\'
VBBA3,36.132,-114.412,\'Lake Mead - Virgin Basin\'
46260,43.585,-124.29,"\'Lakeside, OR (231)\'"
46261,43.726,-124.225,"\'Reedsport, OR (232)\'"
SECG1,30.8,-80.316,\'U.S. Navy Tower R4 GA\'
28401,32.4,144.6,\'Kuroshio Extension Observatory (KEO)\'
48400,50,-145,\'Ocean Climate Station Papa\'
42854,27.768,-90.798,\'Atwood Condor - Green Canyon 199\'
42860,27.937,-90.01,\'Atwood Advantage - Mississippi Canyon 40\'
42913,28.509,-88.031,\'ENSCO 8501 - Mississippi Canyon 479\'
44021,43.762,-69.988,\'Buoy D - New Meadows River\'
44024,42.327,-65.912,\'Buoy N01 - Northeast Channel\'
44029,42.523,-70.566,\'Buoy A01 - Massachusetts Bay\'
44030,43.181,-70.428,\'Buoy B01 - Western Maine Shelf\'
44031,43.57,-70.06,\'Buoy C0201 - Casco Bay\'
44032,43.716,-69.355,\'Buoy E01 - Central Maine Shelf\'
44033,44.055,-68.998,\'Buoy F01 - Penobscot Bay\'
44034,44.106,-68.109,\'Buoy I01 - Eastern Maine Shelf\'
44035,44.89,-67.02,\'Buoy J0201 - Cobscook Bay\'
44036,45.2,-66.02,\'Buoy K0102 - Saint John\'
44037,43.491,-67.879,\'Buoy M01 - Jordan Basin\'
44038,43.633,-66.55,\'Buoy L0102 - Scotian Shelf\'
45171,46.724,-87.411,"\'Granite Island Buoy, Granite Island, MI\'"
45172,46.742,-85.958,"\'Grand Marais Buoy, Grand Marais, MI\'"
45173,46.573,-86.571,"\'Munising Buoy, Munising, MI\'"
GRIM4,46.721,-87.412,"\'Granite Island, MI\'"
46094,44.642,-124.3,"\'Buoy NH-10 - West of Newport, OR\'"
46118,48.724,-122.576,\'Se&#039
46119,47.967,-124.95,\'Cha&#039
45020,44.789,-85.604,"\'Grand Traverse Bay South Buoy, MI\'"
AAMC1,37.772,-122.3,"\'9414750 - Alameda, CA\'"
ACYN4,39.357,-74.418,"\'8534720 - Atlantic City, NJ\'"
ADKA2,51.861,-176.637,"\'9461380 - Adak Island, AK\'"
AGCM4,42.621,-82.527,"\'9014070 - Algonac, MI\'"
AGXC1,33.716,-118.246,"\'9410647 - Angels Gate, CA\'"
ALIA2,56.898,-154.247,"\'9457804 - Alitak, AK\'"
ALXN6,44.331,-75.934,"\'8311062 - Alexandria Bay, NY\'"
AMRL1,29.45,-91.338,"\'8764227 - LAWMA, Amerada Pass, LA\'"
ANTA2,61.238,-149.89,"\'9455920 - Anchorage, AK\'"
ANVC1,38.915,-123.711,"\'9416841 - Arena Cove, CA\'"
APAM2,38.983,-76.479,"\'8575512 - Annapolis, MD\'"
APCF1,29.724,-84.98,"\'8728690 - Apalachicola, FL\'"
APRP7,13.444,144.657,"\'1630000 - Apra Harbor, Guam\'"
ASTO3,46.207,-123.768,"\'9439040 - Astoria, OR\'"
ATGM1,44.392,-68.204,"\'8413320 - Bar Harbor, ME\'"
ATKA2,52.232,-174.173,"\'9461710 - Atka, AK\'"
BARA9,17.591,-61.821,"\'9761115 - Barbuda, AG\'"
BATN6,40.701,-74.014,"\'8518750 - The Battery, NY\'"
BAXC1,33.766,-118.24,\'9410691 - Los Angeles Badger Avenue Bridge\'
BDRN4,40.082,-74.87,"\'8539094 - Burlington, Delaware River, NJ\'"
BDSP1,39.98,-75.079,"\'8546252 - Bridesburg, PA\'"
BEPB6,32.374,-64.701,"\'2695540 - Bermuda, St. Georges Island, BM\'"
BFTN7,34.717,-76.671,"\'8656483 - Beaufort, NC\'"
BGNN4,40.639,-74.146,"\'8519483 - Bergen Point West Reach, NY\'"
BHBM3,42.355,-71.05,"\'8443970 - Boston, MA\'"
BISM2,38.22,-76.039,"\'8571421 - Bishops Head, MD\'"
BKBF1,30.192,-81.692,"\'8720357 -  I-295 Bridge, St Johns River, FL\'"
BKTL1,30.19,-93.301,"\'8767961 - Lake Charles Bulk Terminal, LA\'"
BLIF1,30.393,-81.523,"\'8720233 - Blount Island Command, St Johns River, FL\'"
BLTM2,39.267,-76.579,"\'8574680 - Baltimore, MD\'"
BLTM3,41.704,-71.174,"\'8447387 - Borden Flats Light at Fall River, MA\'"
BRHC3,41.174,-73.181,"\'8467150 - Bridgeport, CT\'"
BRND1,38.987,-75.113,"\'8555889 - Brandywine Shoal Light, DE\'"
BUFN6,42.878,-78.89,"\'9063020 - Buffalo, NY\'"
BYGL1,29.789,-90.42,"\'8762482 - West Bank 1, Bayou Gauche, LA\'"
BZBM3,41.524,-70.671,"\'8447930 - Woods Hole, MA\'"
CAMM2,38.574,-76.069,"\'8571892 - Cambridge, MD\'"
CAPL1,29.768,-93.343,"\'8768094 - Calcasieu Pass, LA\'"
CARL1,29.933,-90.135,"\'8761955 - Carrollton, LA \'"
CASM1,43.656,-70.246,"\'8418150 - Portland, ME\'"
CBBV2,36.967,-76.114,"\'8638863 - Chesapeake Bay Bridge Tunnel, VA\'"
CCUF1,27.663,-82.618,"\'8726413 - C-Cut, St. Petersburg, FL\'"
CECC1,41.746,-124.184,"\'9419750 - Crescent City, CA\'"
CFWM1,44.657,-67.205,"\' 8411060 - Cutler Farris Wharf, ME\'"
CHAO3,43.351,-124.337,"\'9432780 - Charleston, OR\'"
CHAV3,18.335,-64.92,"\'9751639 - Charlotte Amalie, VI\'"
CHCM2,39.527,-75.81,"\'8573927 - Chesapeake City, MD\'"
CHSV3,17.748,-64.699,"\'9751364 - Christiansted Harbor, St. Croix, VI\'"
CHTS1,32.781,-79.924,"\'8665530 - Charleston, Cooper River Entrance, SC\'"
CHYV2,36.926,-76.007,"\'8638999 - Cape Henry, VA\'"
CHYW1,48.863,-122.759,"\'9449424 - Cherry Point, WA\'"
CLBP4,18.301,-65.302,"\'9752235 - Culebra, PR\'"
CMAN4,38.968,-74.96,"\'8536110 - Cape May, NJ\'"
CMTI2,41.73,-87.538,"\'9087044 - Calumet Harbor, IL\'"
CNDO1,41.542,-81.637,"\'9063063 - Cleveland, OH\'"
COVM2,38.402,-76.385,"\'8577018 - Cove Point LNG Pier, MD\'"
CPMW1,48.86,-122.756,"\'9449419 - Cherry Point South Dock Met, WA\'"
CPTR1,41.717,-71.345,"\'8452944 - Conimicut Light, RI\'"
CPVM2,38.995,-76.388,"\'8575437 - Chesapeake Bay Bridge Visibility, MD\'"
CRVA2,60.558,-145.752,"\'9454050 - Cordova, AK\'"
CRYV2,36.888,-76.338,"\'8638595 - South Craney Island, VA\'"
CTGM1,44.642,-67.297,"\'8411250 - Cutler, ME\'"
CWBF1,27.978,-82.832,"\'8726724 - Clearwater Beach, FL\'"
DELD1,39.582,-75.589,"\'8551762 - Delaware City, DE\'"
DKCM6,30.356,-88.567,"\'8741501 - Dock C, Port of Pascagoula, MS\'"
DMSF1,30.387,-81.559,"\'8720219 - Dames Point, FL\'"
DOMV2,36.962,-76.424,"\'8638511 - Dominion Terminal Associates, VA\'"
DPXC1,38.056,-122.264,"\'9415141 - Davis Point, San Pablo Bay, CA\'"
DTLM4,45.993,-83.898,"\'9075099 - De Tour Village, MI\'"
DUKN7,36.184,-75.746,"\' 8651370 - Duck Pier, NC \'"
DULM5,46.776,-92.092,"\'9099064 - Duluth, MN\'"
EBSW1,47.602,-122.338,"\'9447130 - Seattle, WA\'"
EINL1,29.373,-91.384,"\'8764314 - North of Eugene Island, LA\'"
ELFA2,58.193,-136.347,"\'9452634 - Elfin Cove, AK\'"
EPTT2,29.481,-94.917,"\'8771013 - Eagle Point, TX\'"
EREP1,42.172,-80.098,\'9063038 - Erie\'
ERTF1,27.92,-82.442,"\'8726669 - Berth 223 Met, FL\'"
ESPP4,18.094,-65.471,"\'9752695 - Esperanza, Viequez Island, PR\'"
FAIO1,41.764,-81.281,"\'9063053 - Fairport, OH\'"
FCGT2,28.943,-95.302,"\'8772447 - USCG Freeport, TX\'"
FMOA1,30.228,-88.024,"\'8734673 - Fort Morgan, AL\'"
FMRF1,26.647,-81.871,"\'8725520 - Fort Myers, FL\'"
FOXR1,41.807,-71.401,"\'8454000 - Providence, RI\'"
FPKG1,32.035,-80.903,"\'8670870 - Fort Pulaski, GA\'"
FPTT2,28.948,-95.308,"\'8772440 - Freeport, TX\'"
FRCB6,32.37,-64.695,"\'2695535 - Bermuda, Ferry Reach Channel, BM\'"
FRDF1,30.675,-81.465,"\'8720030 - Fernandina Beach, FL\'"
FRDW1,48.545,-123.012,"\'9449880 - Friday Harbor, WA\'"
FREL1,30.106,-90.422,"\'8762484- Frenier Landing, LA\'"
FRPS1,32.34,-80.46,"\'8668498 - Fripps Inlet, SC\'"
FRVM3,41.704,-71.164,"\'8447386 - Fall River, MA\'"
FRWL1,29.552,-92.305,"\'8766072 - Freshwater Canal Locks, LA\'"
FRXM3,41.696,-71.18,"\'8447412 - Fall River Visibility, MA\'"
FSKM2,39.219,-76.528,"\'8574728 - Francis Scott Key Bridge, MD\'"
FSNM2,39.219,-76.525,"\'8574729 - Francis Scott Key Bridge NE Tower, MD\'"
FTGM4,43.007,-82.422,"\'9014098 - Fort Gratiot, MI\'"
FTPC1,37.806,-122.466,"\'9414290 - San Francisco, CA\'"
GCVF1,29.982,-81.634,"\'8720503 - Red Bay Point, St. Johns River, FL\'"
GDMM5,47.749,-90.341,"\'9099090 - Grand Marais, MN\'"
GISL1,29.265,-89.958,"\'8761724 - Grand Isle, LA\'"
GNJT2,29.265,-89.958,"\'8761724 - Grand Isle, LA\'"
GPOM6,29.265,-89.958,"\'8761724 - Grand Isle, LA\'"
GPST2,29.285,-94.788,"\'8771510 - Galveston Pleasure Pier, TX\'"
GTOT2,29.311,-94.792,"\'8771450 - Galveston Pier 21, TX\'"
GWPM6,29.311,-94.792,"\'8771450 - Galveston Pier 21, TX\'"
HBYC1,40.767,-124.217,"\'9418767 - North Spit, CA\'"
HCGN7,35.209,-75.704,"\'8654467 - USCG Station Hatteras, NC\'"
HLNM4,42.773,-86.213,"\'9087031 - Holland, MI\'"
HMDO3,46.204,-123.951,"\'9439011 - Hammond NMFS Pier, OR\'"
HRBM4,46.204,-123.951,"\'9439011 - Hammond NMFS Pier, OR\'"
HRVC1,46.204,-123.951,"\'9439011 - Hammond NMFS Pier, OR\'"
ICAC1,34.008,-118.5,\'9410840 - Santa Monica Pier\'
IIWC1,34.008,-118.5,\'9410840 - Santa Monica Pier\'
ILOH1,34.008,-118.5,\'9410840 - Santa Monica Pier\'
ITKA2,34.008,-118.5,\'9410840 - Santa Monica Pier\'
JMPN7,34.213,-77.786,"\'8658163 - Johnny Mercer Pier, Wrightsville Beach, NC\'"
JNEA2,34.213,-77.786,"\'8658163 - Johnny Mercer Pier, Wrightsville Beach, NC\'"
JXUF1,30.354,-81.612,"\'8720245 - Jacksonville University, FL\'"
KDAA2,57.731,-152.511,"\'9457292 - Kodiak Island, AK\'"
KECA2,57.731,-152.511,"\'9457292 - Kodiak Island, AK\'"
KGCA2,55.062,-162.327,"\'9459881 - King Cove, AK\'"
KLIH1,20.895,-156.469,"\'1615680 - Kahului, Kahului Harbor, HI\'"
KPTN6,20.895,-156.469,"\'1615680 - Kahului, Kahului Harbor, HI\'"
KPTV2,20.895,-156.469,"\'1615680 - Kahului, Kahului Harbor, HI\'"
KWHH1,20.037,-155.829,"\'1617433 - Kawaihae, HI\'"
KWJP8,8.732,167.734,"\'1820000 - Kwajalein, Marshall Islands\'"
KWNW3,44.465,-87.496,"\'9087069 - Kewaunee MET, WI\'"
KYWF1,44.465,-87.496,"\'9087069 - Kewaunee MET, WI\'"
LABL1,30.05,-90.368,"\'8762372 - East Bank 1, Bayou LaBranch, LA\'"
LAMV3,18.318,-64.724,"\'9751381 - Lameshur Bay, St John, VI\'"
LAPW1,47.913,-124.637,"\'9442396 - La Push, WA\'"
LCLL1,30.224,-93.222,"\'8767816 - Lake Charles, LA\'"
LDTM4,43.947,-86.441,"\'9087023 - Ludington, MI\'"
LJAC1,32.867,-117.257,"\'9410230 - La Jolla, CA\'"
LKWF1,32.867,-117.257,"\'9410230 - La Jolla, CA\'"
LNDC1,37.795,-122.281,"\'9414763 - Oakland Berth 67, CA\'"
LOPW1,37.795,-122.281,"\'9414763 - Oakland Berth 67, CA\'"
LPNM4,45.063,-83.429,"\'9075065 - Alpena, MI \'"
LTBV3,17.695,-64.754,"\'9751401 - Lime Tree Bay, St. Croix, VI\'"
LTJF1,30.379,-81.446,"\'8720228 - Little Jetties, St. Johns River, FL\'"
LTRM4,30.379,-81.446,"\'8720228 - Little Jetties, St. Johns River, FL\'"
LWSD1,38.783,-75.119,"\'8557380 - Lewes, DE\'"
LWTV2,37.995,-76.465,"\'8635750 - Lewisetta, VA\'"
MACM4,45.777,-84.721,"\'9075080 - Mackinaw City, MI\'"
MBET2,28.422,-96.327,"\'8773767 - Matagorda Bay Entrance Channel, TX\'"
MBPA1,30.527,-88.086,"\'8736163 - Middle Bay Port, Mobile Bay, AL\'"
MBRM4,42.975,-82.419,"\'9014090 - Mouth of the Black River, MI \'"
MCGA1,30.649,-88.058,"\'8736897 - Coast Guard Sector Mobile, AL\'"
MCGM4,46.546,-87.379,"\'9099018 - Marquette C.G., MI\'"
MCYF1,27.914,-82.425,"\'8726667 - McKay Bay Entrance, FL\'"
MEYC1,36.605,-121.889,"\'9413450 - Monterey, CA\'"
MGIP4,17.97,-67.046,"\'9759110 - Magueyes Islands, PR\'"
MGPT2,29.682,-94.985,"\'8770613 - Morgans Point, TX\'"
MGZP4,18.218,-67.159,"\'9759394 - Mayaguez, PR\'"
MHRN6,40.641,-74.162,"\'8519532 - Mariners Harbor, NY\'"
MISP4,18.09,-67.939,"\'9759938 - Mona Island, PR\'"
MNMM4,45.096,-87.59,"\'9087088 - Menominee, MI\'"
MNPV2,36.778,-76.302,"\'8639348 - Money Point, VA\'"
MOKH1,21.433,-157.79,"\'1612480 - Mokuoloe, HI\'"
MQTT2,27.581,-97.217,"\'8775870 - Bob Hall Pier, Corpus Christi, TX\'"
MRCP1,39.809,-75.415,"\'8540433 - Marcus Hook, PA\'"
MRHO1,41.544,-82.731,"\'9063079 - Marblehead, OH\'"
MROS1,33.656,-78.916,"\'8661070 - Springmaid Pier, SC\'"
MTBF1,27.661,-82.594,"\'8726412 - Middle Tampa Bay, FL\'"
MTKN6,41.048,-71.959,"\'8510560 - Montauk, NY\'"
MTYC1,36.605,-121.889,"\'9413450 - Monterey, CA\'"
MYPF1,30.398,-81.428,"\'8720218 - Mayport (Bar Pilots Dock), FL\'"
MZXC1,38.035,-122.125,"\'9415102 - Martinez-Amorco Pier, CA\'"
NBLP1,40.137,-74.752,"\'8548989 - Newbold, PA\'"
NCDV2,38.32,-77.037,"\'8635027 - Dahlgren, VA\'"
NEAW1,48.367,-124.614,"\'9443090 - Neah Bay, WA\'"
NFDF1,30.4,-81.627,"\'8720215 - Navy Fuel Depot, St Johns River, FL\'"
NIAN6,43.077,-79.014,"\'9063012 - Niagara Intake, NY\'"
NKTA2,60.683,-151.399,"\'9455760 - Nikiski, AK\'"
NLNC3,41.361,-72.09,"\'8461490 - New London, CT\'"
NMTA2,64.5,-165.43,"\'9468756 - Nome, Norton Sound, AK\'"
NPSF1,26.132,-81.807,"\'8725110 - Naples, FL\'"
NSTP6,-14.28,-170.688,"\'1770000 - Pago Pago, American Samoa\'"
NTBC1,34.405,-119.692,"\'9411340 - Santa Barbara, CA \'"
NTKM3,41.285,-70.096,"\'8449130 - Nantucket Island, MA\'"
NWCL1,30.027,-90.113,"\'8761927 - New Canal Station, LA\'"
NWHC3,41.283,-72.908,"\'8465705 - New Haven, CT\'"
NWPR1,41.504,-71.326,"\'8452660 - Newport, RI\'"
NWWH1,21.954,-159.353,"\'1611400 - Nawiliwili, HI\'"
OBGN6,44.702,-75.494,"\'8311030 - Ogdensburg, NY\'"
OBLA1,30.705,-88.04,"\'8737048 - Mobile State Docks, AL\'"
OBXC1,37.804,-122.341,"\'9414797 - Oakland Berth 38, CA\'"
OCIM2,38.328,-75.091,"\'8570283 - Ocean City Inlet, MD\'"
OHBC1,33.72,-118.273,"\'9410660 - Los Angeles, CA\'"
OKXC1,37.811,-122.333,"\'9414776 - Oakland Berth 34, CA\'"
OLSA2,52.94,-168.87,"\'9462450 - Nikolski, AK\'"
OMHC1,37.801,-122.33,"\'9414769 - Oakland Middle Harbor Met, CA\'"
OOUH1,21.303,-157.865,"\'1612340 - Honolulu, HI\'"
OPTF1,27.858,-82.553,"\'8726607 - Old Port Tampa, FL\'"
ORIN7,35.796,-75.548,"\'8652587 - Oregon Inlet Marina, NC\'"
OSGN6,43.464,-76.511,"\'9052030 - Oswego, NY\'"
OVIA2,59.44,-151.72,"\'9455500 - Seldovia, AK\'"
PACF1,30.152,-85.667,"\'8729108 - Panama City, FL\'"
PCBF1,30.213,-85.88,"\'8729210 - Panama City Beach, FL\'"
PCLF1,30.404,-87.211,"\'8729840 - Pensacola, FL\'"
PCOC1,38.056,-122.039,"\'9415144 - Port Chicago, CA\'"
PFDC1,33.735,-118.241,"\'9410666 - Los Angeles Pier 400, CA\'"
PFXC1,33.747,-118.215,"\'9410670 - Los Angeles Pier F, CA\'"
PGBP7,13.428,144.796,"\'1631428 - Pago Bay, Guam\'"
PHBP1,39.933,-75.142,"\'8545240 - Philadelphia, PA\'"
PILL1,29.179,-89.259,"\'8760721 - Pilottown, LA\'"
PLXA2,56.247,-134.647,"\'9451054 - Port Alexander, AK\'"
PMAF1,27.638,-82.562,"\'8726384 - Port Manatee, FL\'"
PMOA2,55.99,-160.562,"\'9463502 - Port Moller, AK\'"
PNLM4,45.968,-85.869,"\'9087096 - Port Inland, MI\'"
PNLM6,30.368,-88.563,"\'8741533 - Pascagoula NOAA Lab, MS\'"
PORO3,42.739,-124.498,"\'9431647 - Port Orford, OR\'"
PPTM2,38.134,-76.533,"\'8578240 - Piney Point, MD\'"
PPXC1,37.906,-122.365,"\'9414847 - Point Potrero, Richmond, CA\'"
PRDA2,70.4,-148.527,"\'9497645 - Prudhoe Bay, AK\'"
PRJC1,33.733,-118.186,"\'9410665 - Los Angeles Pier J, CA\'"
PRUR1,41.605,-71.304,"\'8452314 - Sandy Point, Prudence Island, RI\'"
PRYC1,37.996,-122.977,"\'9415020 - Point Reyes, CA\'"
PSBC1,38.04,-121.887,"\'9415115 - Pittsburg (Suisun Bay), CA\'"
PSBM1,44.905,-66.983,"\'8410140 - Eastport, ME\'"
PSLC1,35.169,-120.754,"\'9412110 - Port San Luis, CA\'"
PSTL1,28.932,-89.407,\'8760922 - Pilot&#039
PSTN6,42.691,-79.048,"\'9063028 - Sturgeon Point, NY\'"
PSXC1,33.768,-118.226,\'9410692 - Los Angeles Pier S\'
PTAW1,48.125,-123.441,"\'9444090 - Port Angeles, WA\'"
PTBM6,30.213,-88.505,"\'8741003 - Petit Bois Island, Port of Pascagoula, MS\'"
PTCR1,41.638,-71.34,"\'8452951 - Potter Cove, Prudence Island, RI\'"
PTIM4,46.485,-84.631,"\'9099004 - Point Iroquois, MI\'"
PTIT2,26.061,-97.215,"\'8779770 - Port Isabel, TX\'"
PTOA1,30.671,-88.031,"\'8737005 - Pinto Island, AL\'"
PTWW1,48.111,-122.76,"\'9444900 - Port Townsend, WA\'"
PVDR1,41.786,-71.383,"\'8453662 - Providence Visibility, RI\'"
PXAC1,33.764,-118.265,"\'9410690 - Los Angeles Berth 161, CA\'"
PXOC1,37.798,-122.393,"\'9414311 - San Francisco Pier 1, CA\'"
PXSC1,37.803,-122.397,"\'9414296 - Pier 17, San Francisco Bay, CA\'"
QPTR1,41.586,-71.407,"\'8454049 - Quonset Point, RI\'"
RARM6,30.343,-88.511,"\'8741094 - Range A Rear, Port of Pascagoula, MS\'"
RCKM4,46.264,-84.191,"\'9076024 - Rock Cut, MI\'"
RCMC1,37.923,-122.41,"\'9414863 - Richmond, CA\'"
RCPT2,28.024,-97.048,"\'8774770 - Rockport, TX\'"
RCRN6,43.269,-77.626,"\'9052058 - Rochester, NY\'"
RCYF1,29.8,-81.55,"\'8720625 - Racy Point, St. Johns River, FL\'"
RDDA2,67.575,-164.067,"\'9491094 - Red Dog Dock, AK\'"
RDYD1,39.558,-75.572,"\'8551910 - Reedy Point, DE\'"
ROBN4,40.657,-74.065,"\'8530973 - Robbins Reef, NJ\'"
RPLV2,37.538,-76.014,"\'8632837 - Rappahannock Light, VA\'"
RTYC1,37.507,-122.212,"\'9414523 - Redwood City, CA\'"
SAPF1,27.761,-82.627,"\'8726520 - St. Petersburg, Tampa Bay, FL\'"
SBEO3,44.625,-124.045,"\'9435380 - South Beach, OR\'"
SBLF1,27.923,-82.445,"\'8726673 - Seabulk, Tampa, FL\'"
SBPT2,29.728,-93.87,"\'8770570 - Sabine Pass North, TX\'"
SCIS1,32.857,-79.707,"\'8664941 - South Capers Island, SC\'"
SDBC1,32.714,-117.174,"\'9410170 - San Diego, CA\'"
SDHN4,40.467,-74.009,"\'8531680 - Sandy Hook, NJ\'"
SHBL1,29.868,-89.673,"\'8761305 - Shell Beach, LA\'"
SJNP4,18.459,-66.116,"\'9755371 - San Juan, La Puntilla, San Juan Bay, PR\'"
SJSN4,39.305,-75.377,"\'8537121 - Ship John Shoal, NJ\'"
SKTA2,59.45,-135.327,"\'9452400 - Skagway, AK\'"
SLIM2,38.321,-76.452,"\'8577330 - Solomons Island, MD\'"
SMOC1,34.008,-118.5,"\'9410840 - Santa Monica, CA\'"
SNDA2,55.336,-160.502,"\'9459450 - Sand Point, AK\'"
SNDP5,28.215,-177.361,"\'1619910 - Sand Island, Midway Islands\'"
SWLA2,60.12,-149.427,"\'9455090 - Seward, AK\'"
SWPM4,46.501,-84.372,"\'9076070 - S.W. Pier, MI\'"
SWPV2,36.943,-76.329,"\'8638610 - Sewells Point, VA\'"
TCBM2,39.213,-76.244,"\'8573364 - Tolchester Beach, MD\'"
TCMW1,47.276,-122.418,"\'9446482 - Tacoma Met, WA\'"
TCNW1,47.267,-122.413,"\'9446484 - Tacoma, WA\'"
TESL1,29.668,-91.237,"\'8764044 - Tesoro Marine Terminal, Berwick, Atchafalaya River, LA\'"
THRO1,41.694,-83.473,"\'9063085 - Toledo, OH\'"
TLBO3,45.555,-123.919,"\'9437540 - Garibaldi, Tillamook Bay, OR\'"
TOKW1,46.707,-123.967,"\'9440910 - Toke Point, WA\'"
TPAF1,27.933,-82.433,"\'8726694 - TPA Cruise Terminal 2, Tampa, FL\'"
TPBN4,40.012,-75.043,"\'8538886 - Tacony-Palmyra Bridge, NJ\'"
TRDF1,28.416,-80.593,"\'8721604 - Trident Pier, FL\'"
TSHF1,27.929,-82.426,"\'8726679  - East Bay Causeway, FL\'"
TXPT2,29.689,-93.842,"\'8770822 - Texas Point, Sabine Pass, TX \'"
ULAM6,30.348,-88.505,"\'8741041 - Dock E. Port of Pascagoula, MS\'"
ULRA2,63.872,-160.784,"\'9468333 - Unalakleet, Unalakleet River, AK\'"
UNLA2,53.88,-166.537,"\'9462620 - Unalaska, AK\'"
UPBC1,38.038,-122.121,"\'9415118 - Union Pacific Rail Road Bridge, Martinez, CA\'"
VAKF1,25.731,-80.162,"\'8723214 - Virginia Key, FL\'"
VCAF1,24.711,-81.107,"\'8723970 - Vaca Key, FL\'"
VCVA2,57.125,-170.285,"\'9464212 - Village Cove, St. Paul Island, AK\'"
VDZA2,61.125,-146.361,"\'9454240 - Valdez, AK\'"
WAHV2,37.608,-75.686,"\'8631044 - Wachapreague, VA\'"
WAKP8,19.291,166.618,\'1890000 - Wake Island\'
WASD2,38.873,-77.021,"\'8594900 - Washington, DC\'"
WAVM6,30.282,-89.367,"\'8747766 - Waveland, MS\'"
WBYA1,30.417,-87.825,"\' 8732828 - Weeks Bay, Mobile Bay, AL \'"
WDSV2,36.977,-76.315,"\'8638614 - Willoughby Deguassing Station, VA\'"
WELM1,43.32,-70.563,"\'8419317 - Wells, ME\'"
WLON7,34.228,-77.954,"\'8658120 - Wilmington, NC\'"
WNDV2,37.615,-76.29,"\'8636580 - Windmill Point, VA\'"
WNEM4,46.285,-84.21,"\'9076027 - West Neebish Island, MI\'"
WPTW1,46.904,-124.105,"\'9441102 - Westport, WA\'"
WYCM6,30.326,-89.326,"\'8747437 - Bay Waveland Yacht Club, MS\'"
YATA2,59.548,-139.733,"\'9453220 - Yakutat, Yakutat Bay, AK\'"
YKRV2,37.251,-76.342,"\'8637611 - York River East Rear Range Light, VA\'"
YKTV2,37.227,-76.479,"\'8637689 - Yorktown USCG Training Center, VA\'"
46518,0,0,\'Drifting Buoy\'
46531,0,0,\'Drifting Buoy\'
46534,0,0,\'Drifting Buoy\'
46538,0,0,\'Drifting Buoy\'
46565,0,0,\'Drifting Buoy\'
BLTA2,58.455,-135.889,\'Bartlett Cove AK\'
CDEA2,56.001,-134.136,"\'Cape Decision, AK\'"
CSPA2,58.199,-136.64,"\'Cape Spencer, AK\'"
EROA2,58.971,-135.221,"\'Eldred Rock, AK\'"
LCNA2,56.058,-132.69,"\'Lincoln Island, AK\'"
PBPA2,58.203,-134.148,"\'Point Bishop, AK\'"
PRTA2,58.411,-134.955,"\'Point Retreat, AK\'"
SDIA2,58.277,-134.389,"\'South Douglas, AK\'"
SISA2,58.177,-135.259,"\'Sisters Island, AK\'"
18CY3,41.73,-86.91,"\'Michigan City, IN\'"
AGMW3,44.608,-87.433,"\'Algoma City Marina, WI\'"
BHRI3,41.646,-87.147,"\'Burns Harbor, IN\'"
BIGM4,46.827,-87.727,"\'Big Bay, MI\'"
BSBM4,44.055,-86.514,"\'Big Sable Point, MI\'"
CBRW3,45.198,-87.36,"\'Chambers Island, WI\'"
CLSM4,42.471,-82.877,"\'St. Clair Shores, MI\'"
CNII2,41.856,-87.609,"\'Northerly Island, IL\'"
CYGM4,45.658,-84.464,"\'Cheybogan, MI\'"
FPTM4,45.619,-86.66,"\'Fairport, MI\'"
GBLW3,44.653,-87.901,"\'Green Bay Entrance Light, WI\'"
GRMM4,46.684,-85.972,"\'Grand Marais, MI\'"
GSLM4,44.018,-83.537,"\'Gravelly Shoals Light, MI\'"
GTLM4,45.211,-85.55,"\'Grand Traverse Light, MI\'"
GTRM4,47.179,-88.241,"\'Superior Grand Traverse Bay, MI\'"
KGNA,47.745,-90.346,"\'Bay of Grand Marais, MN\'"
KNSW3,42.589,-87.809,"\'Kenosha, WI\'"
KP53,46.417,-86.65,"\'Munising Lake Shore, MI\'"
KP58,44.017,-82.8,"\'Port Hope, MI\'"
KP59,47.467,-87.883,"\'Copper Harbor, MI\'"
LSCM4,42.465,-82.755,"\'Lake St. Clair Light, MI\'"
MEEM4,44.248,-86.346,"\'Manistee Harbor, MI\'"
NABM4,46.087,-85.444,"\'Naubinway, MI\'"
NPDW3,45.291,-86.977,\'Northport Pier at Death&#039
OTNM4,46.87,-89.33,"\'Ontonagon, MI\'"
PCLM4,47.276,-88.528,"\'Portage Canal, MI\'"
PNGW3,46.792,-91.386,"\'Port Wing, WI\'"
PRIM4,45.357,-83.492,"\'Presque Isle Light, MI\'"
PSCM4,43.42,-82.54,"\'Port Sanilac, MI\'"
PWAW3,43.388,-87.867,"\'Port Washington, WI\'"
SBLM4,43.81,-83.72,"\'Saginaw Bay Light #1, MI\'"
SJOM4,42.098,-86.494,"\'St. Joseph, MI\'"
SLVM5,47.278,-91.27,"\'Silver Bay, MN\'"
SPTM4,44.713,-83.273,"\'Sturgeon Point Light, MI\'"
SXHW3,46.563,-90.437,"\'Saxon Harbor, WI\'"
SYWW3,45.202,-87.121,"\'Yacht Works Sister Bay, WI\'"
TAWM4,44.254,-83.449,"\'Tawas City, MI\'"
WFPM4,46.76,-84.97,"\'Whitefish Point, MI\'"
WHRI2,42.361,-87.813,"\'Waukegan Harbor, IL\'"
BARN6,42.345,-79.595,"\'Barcelona Harbor, NY\'"
CBLO1,41.981,-80.556,"\'Conneaut Breakwater Light, OH\'"
CHDS1,33.661,-82.199,"\'Strom Thurmond Dam, SC\'"
GELO1,41.859,-80.975,"\'Geneva on the Lake, OH\'"
HHLO1,41.401,-82.545,"\'Huron Light, OH\'"
LMFS1,34.107,-81.271,\'Lake Murray SC\'
LMSS1,33.552,-80.501,"\'Lake Marion, SC\'"
OLCN6,43.341,-78.719,"\'Olcott Harbor, NY\'"
RPRN6,43.263,-77.598,"\'Rochester, NY\'"
WATS1,34.335,-80.702,"\'Lake Wateree, SC\'"
YGNN6,43.262,-79.064,"\'Niagara Coast Guard Station, NY\'"
46097,44.639,-124.304,\'OOI Newport Shelf\'
46098,44.381,-124.956,\'OOI Waldport Offshore\'
46099,46.986,-124.566,\'OOI Westport Shelf\'
46100,46.851,-124.972,\'OOI Westport Offshore\'
51201,21.671,-158.117,"\'Waimea Bay, HI (106)\'"
51202,21.415,-157.678,"\'Mokapu Point, HI (098)\'"
51203,20.788,-157.01,"\'Kaumalapau, HI (146)\'"
51204,21.281,-158.124,"\'Barbers Point, HI #2 (165)\'"
51205,21.018,-156.425,"\'Pauwela, Maui, HI (187)\'"
51206,19.78,-154.97,"\'Hilo, Hawaii, HI (188)\'"
51207,21.477,-157.753,"\'Kaneohe Bay, HI (198)\'"
51208,22.285,-159.574,"\'Hanalei, Kauai, HI (202)\'"
51209,-14.265,-170.494,"\'Aunuu, American Samoa (189)\'"
51210,21.477,-157.756,"\'Kaneohe Bay, WETS, HI (225)\'"
52200,13.354,144.788,"\'Ipan, Guam (121)\'"
52201,7.083,171.392,"\'Kalo, Majuro, Marshall Islands (163)\'"
52202,13.682,144.811,"\'Ritidian Point, Guam (196)\'"
52211,15.268,145.662,"\'Tanapag, Saipan, NMI (197)\'"
42360,26.672,-90.471,\'BW Pioneer buoy - C16471 - Walker Ridge 249\'
42856,26.52,-90.531,\'Titanium Explorer - Walker Ridge 425\'
42906,19.633,-92.483,\'Petrolia - Block Chapabil-1\'
13001,12,-23,\'NE Extension\'
13002,21,-23,\'NE Extension\'
13008,15,-38,\'Reggae\'
13009,8,-38,\'Lambada\'
13010,0,0,\'Soul\'
15001,-10,-10,\'Gavotte\'
15002,0,-10,\'Java\'
15006,-6,-10,\'Valse\'
15007,-6,8,\'SE Extension\'
31001,0,-35,\'Samba\'
31002,4,-38,\'Frevo\'
31003,-8,-30,\'SW Extension\'
31004,-14,-32,\'SW Extension\'
31005,-19,-34,\'SW Extension\'
31006,4,-23,\'NE Extension\'
31007,0,-23,\'Jazz\'
41026,12,-38,\'Forro\'
41139,20,-38,\'\'
62114,58.3,0,\'Tartan &quot
62121,53.5,2.7,\'Carrack AWS\'
62124,53.6,-3.6,\'Conwy\'
62125,53.8,-3.5,\'\'
62126,53.9,-3.6,\'\'
62127,54,0.7,\'Cleeton AWS\'
62130,58.7,1.3,\'Brae A\'
62135,54.2,1.6,\'Trent\'
62142,53,2.101,\'North Sea\'
62144,53.4,1.7,\'Clipper AWS\'
62145,53.102,2.8,\'North Sea\'
62146,57.2,2.1,\'Lomond AWS\'
62147,55.7,4.7,\'Galaxy 111\'
62148,53.6,1.5,\'Barque AWS\'
62149,53.7,1.1,\'West Sole &quot
62150,53.6,0.7,\'Amethyst AWS\'
62164,57.2,0.8,\'Anasuria AWS\'
62165,54,1.1,\'Ravenspurn North AWS\'
62166,53,2.5,\'Thames\'
63105,61,1.692,\'Brent &quot
63110,59.5,1.5,\'Beryl A AWS\'
63112,61.1,1,\'Cormorant AWS\'
63113,61,1.708,\'Brent &quot
63115,61.6,1.3,\'Magnus AWS\'
63117,61.4,1.1,\'Eider AWS\'
AROP4,18.48,-66.702,"\'9757809 - Arecibo, PR\'"
AUDP4,18.457,-67.165,"\'9759412 - Aquadilla, PR\'"
FRDP4,18.335,-65.631,"\'9753216 - Fajardo, PR\'"
PLSP4,17.973,-66.762,"\'9758053 - Penuelas, PR\'"
VQSP4,18.153,-65.444,"\'9752619 - Isabel Segunda, Vieques Island, PR\'"
YABP4,18.055,-65.833,"\'9754228 - Yabucoa Harbor, PR\'"
45167,42.186,-80.137,"\'Erie Nearshore Buoy, Erie, PA\'"
42903,26.312,-92.646,\'Rowan Renaissance - Keathley Canyon 686\'
21401,42.617,152.583,\'250NM Southeast of Iturup Island\'
21402,46.488,158.343,\'286NM East of Simushir Island\'
46233,32.936,-117.32,\'SCCOOS San Diego Mooring\'
31201,-27.705,-48.134,"\'Floripa, Brazil (109)\'"
41108,33.721,-78.015,"\'Wilmington Harbor, NC - (200)\'"
41109,34.484,-77.3,"\'New River Inlet, NC - 190\'"
41112,30.709,-81.292,"\'Offshore Fernandina Beach, FL (132)\'"
41113,28.4,-80.533,"\'Cape Canaveral Nearshore, FL (143)\'"
41114,27.551,-80.219,"\'Fort Pierce, FL (134)\'"
41116,28.523,-80.188,"\'Oculina Bank North, FL (227)\'"
41140,17.769,-64.723,"\'Christiansted, St. Croix, Virgin Islands\'"
41141,17.684,-64.635,"\'Fareham, St. Croix, Virgin Islands\'"
42099,27.341,-84.272,"\'Offshore St. Petersburg, FL (144)\'"
44088,36.611,-74.839,"\'Virginia Beach Offshore, VA (171)\'"
44094,40.585,-73.106,"\'Fire Island Nearshore, NY (207)\'"
44096,37.023,-75.81,"\'Cape Charles, VA (186)\'"
44097,40.969,-71.127,"\'Block Island, RI  (154)\'"
44099,36.915,-75.72,"\'Cape Henry, VA (147)\'"
44100,36.259,-75.592,"\'Duck FRF 26m, NC (430)\'"
44172,44.5,-63.408,"\'Halifax Harbor, NS, Canada - 176\'"
46114,36.723,-122.351,"\'West Monterey Bay, CA (185)\'"
46211,46.858,-124.244,"\'Grays Harbor, WA (036)\'"
46212,40.753,-124.313,"\'Humboldt Bay South Spit, CA (128)\'"
46213,40.288,-124.719,"\'Cape Mendocino, CA (094)\'"
46214,37.948,-123.468,"\'Point Reyes, CA (029)\'"
46215,35.204,-120.859,"\'Diablo Canyon, CA (076)\'"
46216,34.333,-119.803,"\'Goleta Point, CA (107)\'"
46217,34.167,-119.435,"\'Anacapa Passage, CA (111)\'"
46218,34.454,-120.782,"\'Harvest, CA (071)\'"
46219,33.221,-119.881,"\'San Nicolas Island, CA (067)\'"
46220,33.897,-118.446,"\'El Porto, CA (125)\'"
46221,33.854,-118.633,"\'Santa Monica Bay, CA (028)\'"
46222,33.618,-118.317,"\'San Pedro, CA (092)\'"
46223,33.458,-117.767,"\'Dana Point, CA (096)\'"
46224,33.179,-117.471,"\'Oceanside Offshore, CA (045)\'"
46225,32.933,-117.391,"\'Torrey Pines Outer, CA (100)\'"
46226,32.848,-117.353,"\'Point La Jolla, CA (095)\'"
46227,32.632,-117.444,"\'Point Loma, CA (091)\'"
46228,34.317,-119.417,"\'Pitas Point, CA (130)\'"
46229,43.766,-124.551,"\'UMPQUA OFFSHORE, OR (139)\'"
46230,33.623,-118.012,"\'Huntington Beach Nearshore, CA (172)\'"
46231,32.747,-117.37,"\'Mission Bay, CA (093)\'"
46232,32.53,-117.421,"\'Point Loma South, CA  (191)\'"
46234,34.1,-119.168,"\'Port Hueneme Nearshore, CA (141)\'"
46235,32.572,-117.167,"\'Imperial Beach Nearshore, CA (155)\'"
46236,36.76,-121.949,"\'Monterey Canyon Outer, CA  (156)\'"
46237,37.786,-122.634,"\'San Francisco Bar, CA  (142)\'"
46238,33.76,-119.55,"\'Santa Cruz Basin, CA (167)\'"
46239,36.341,-122.102,"\'Point Sur, CA (157)\'"
46240,36.626,-121.907,"\'Cabrillo Point, Monterey Bay, CA  (158)\'"
46241,33.003,-117.292,"\'San Elijo Nearshore, CA (161)\'"
46242,33.22,-117.439,"\'Camp Pendleton Nearshore, CA  (043)\'"
46243,46.216,-124.127,"\'Clatsop Spit, OR (162)\'"
46244,40.888,-124.357,"\'Humboldt Bay, North Spit, CA (168)\'"
46245,34.251,-119.308,"\'Ventura Nearshore, CA - 169\'"
46247,37.753,-122.833,"\'San Francisco Offshore, CA  (180)\'"
46248,46.134,-124.64,"\'Astoria Canyon, OR  (179)\'"
46249,33.821,-119.708,"\'Santa Cruz Island South, CA (182)\'"
46250,34.034,-119.09,"\'Point Mugu Offshore, CA - 184\'"
46251,33.76,-119.55,"\'Santa Cruz Basin, CA (203)\'"
46253,33.577,-118.182,"\'San Pedro South, CA (213)\'"
46254,32.868,-117.267,"\'SCRIPPS Nearshore, CA (201)\'"
46256,33.7,-118.201,"\'Long Beach Channel, CA (215)\'"
46257,34.439,-120.766,"\'Harvest Southeast, CA (216)\'"
46258,32.75,-117.5,"\'Mission Bay West, CA (220)\'"
51200,21.096,-158.303,"\'Barbers Point, HI  (164)\'"
52212,7.63,134.667,"\'Ngaraard, Babeldaob, Palau (219)\'"
LJPC1,32.867,-117.257,"\'La Jolla, CA (073)\'"
48211,70.37,-146.04,\'Camden Bay (Shell Arctic)\'
48212,70.874,-150.279,\'Harrison Bay (Shell Arctic) \'
48213,71.502,-164.133,\'Burger\'
48214,70.872,-165.248,\'Klondike (MOB1)\'
48216,71.758,-167.952,\'Crackerjack (Shell Arctic)\'
3FUS2,70.5,-148.5,\'Frontier Discoverer\'
42361,27.55,-92.49,\'Auger - Garden Banks 426\'
42363,28.16,-89.22,\'Mars B - Mississippi Canyon 807\'
42364,29.06,-88.09,\'Ram Powell TLP - Viosca Knoll 956\'
42365,28.2,-89.12,\'Ursa TLP - Mississippi Canyon 809\'
42390,26.129,-94.898,\'Perdido - Alaminos Canyon 857\'
42394,28.16,-89.24,\'Olympus TLP - Mississippi Canyon 807\'
42395,26.404,-90.792,\'Shell Alcyone Buoy - C16522 - Walker Ridge 552\'
42851,26.186,-94.761,\'Noble Globetrotter I - Alaminos Canyon 772\'
42857,27.569,-92.396,\'Noble Don Taylor - Garden Banks 427\'
42858,27.962,-89.048,\'Stena IceMAX - Atwater Valley 18\'
42861,28.369,-87.924,\'Deepwater Nautilus -  Mississippi Canyon 657\'
42862,27.57,-92.396,\'Noble Jim Thompson - Garden Banks 427\'
42864,26.455,-90.777,\'Thalassa - Walker Ridge 464\'
42877,28.18,-89.29,\'Cajun Express - Mississippi Canyon 762\'
42886,28.17,-89.24,\'Discoverer Spirit - Mississippi Canyon 762\'
42895,28.273,-88.662,\'Island Performer - Mississippi Canyon 730\'
42902,28.622,-87.984,\'Deepwater Proteus - Mississippi Canyon 0392\'
42922,26.449,-90.784,\'Noble Jim Day - Walker Ridge 508\'
42927,28.418,-88.032,\'Noble Bully I - Mississippi Canyon 567\'
46126,53.951,-166.602,\'Wide Bay (Shell)\'
48677,0,0,\'\'
48678,0,0,\'\'
48679,0,0,\'\'
48680,0,0,\'\'
CGCL1,28.791,-89.056,\'Cognac\'
WDEL1,28.662,-89.551,\'Shell West Delta 143\'
SKMG1,31.534,-80.236,\'U.S. Navy Tower M2R6 GA\'
SPAG1,31.375,-80.567,\'U.S. Navy Tower R2 GA\'
TYBG1,31.633,-79.925,\'U.S. Navy Tower R8 GA\'
FBPS1,32.652,-79.938,"\'Folly Beach Pier, SC\'"
SMBS1,33.655,-78.918,"\'Springmaid pier, SC\'"
42914,26.806,-90.567,\'Discoverer Americas - Walker Ridge 160\'
48215,71.502,-164.133,\'Hanna Shoal (MOB3)\'
ACMN4,39.38,-74.42,"\'Atlantic City Marina, NJ\'"
AVAN4,39.09,-74.72,"\'Avalon, NJ\'"
BRBN4,39.61,-74.2,"\'Brant Beach, NJ\'"
OCGN4,40.209,-74.004,"\'Ocean Grove, NJ\'"
SGRN4,40.12,-74.03,"\'Sea Girt, NJ\'"
42863,28.962,-88.696,\'Ocean Victory - Mississippi Canyon 26\'
44069,40.699,-73.087,\'Great South Bay\'
42043,28.982,-94.899,\'TGLO TABS Buoy B\'
42044,26.191,-97.051,\'TGLO TABS Buoy J\'
42045,26.217,-96.5,\'TGLO TABS Buoy K\'
42046,27.89,-94.037,\'GERG Flower Gardens Buoy N\'
42047,27.896,-93.597,\'GERG Flower Gardens Buoy V\'
42048,27.939,-96.843,\'TABS D\'
42049,28.351,-96.006,\'TABS W\'
42050,28.842,-94.241,\'TABS F\'
42051,29.635,-93.642,\'TABS R\'
42918,27.691,-91.114,\'Noble Danny Adkins - Green Canyon 280\'
42923,27.747,-91.088,\'ENSCO 8502 - Green Canyon 237\'
42924,27.69,-91.116,\'ENSCO 8503 - Green Canyon 281\'
ANPT2,27.837,-97.039,"\'8775241 - Aransas, Aransas Pass, TX\'"
AWRT2,28.227,-96.796,"\'8774230 - Aransas Wildlife Refuge, TX\'"
BABT2,27.297,-97.405,"\'8776604 - Baffin Bay, TX\'"
BZST2,26.067,-97.155,"\'8779749 - SPI Brazos Santiago, TX \'"
CLLT2,29.563,-95.067,"\'8770933 - Clear Lake, TX\'"
CPNT2,28.114,-97.024,"\'8774513 - Copano Bay, TX \'"
EMAT2,28.71,-95.914,"\'8773146 - Matagorda City, TX\'"
GLPT2,29.3,-94.794,\'021: Galveston Pleasure Pier
GRRT2,29.302,-94.896,"\'8771486 - Galveston RR Bridge, TX\'"
HIST2,29.595,-94.39,"\'8770808 - High Island, TX\'"
IRDT2,27.48,-97.322,"\'8776139 - South Bird Island, TX\'"
LUIT2,29.076,-95.122,"\'8771972 - San Luis Pass, TX\'"
LYBT2,29.765,-95.079,"\'8770733 - Lynchburg Landing, TX\'"
NCHT2,29.726,-95.266,"\'8770777 - Manchester, TX \'"
NGLT2,27.822,-97.204,"\'8775283 - Port Ingleside, TX\'"
NUET2,27.832,-97.486,"\'8775244 - Nueces Bay, TX\'"
NWST2,27.75,-96.768,\'098: NWS Weather Station 1
PACT2,27.634,-97.237,"\'8775792 - Packery Channel, TX\'"
PCGT2,26.072,-97.167,"\'8779748 - South Padre Island CGS, TX \'"
PCNT2,28.446,-96.396,\'8773701 - Port O&#039
PMNT2,26.559,-97.424,"\'8778490 - Port Mansfield, TX\'"
PORT2,29.867,-93.931,"\'8770475 - Port Arthur, TX\'"
RLIT2,26.262,-97.285,"\'8779280 - Realitos Peninsula, TX\'"
RLOT2,29.515,-94.513,"\'8770971 - Rollover Pass, TX\'"
RSJT2,26.801,-97.471,"\'8777812 - Rincon del San Jose, TX\'"
RTAT2,27.84,-97.072,"\'8775237 - Port Aransas, TX\'"
RTOT2,27.753,-96.967,"\'100: RTNS Offshore, TX\'"
SDRT2,28.407,-96.712,"\'8773037 - Seadrift, TX\'"
SGNT2,28.771,-95.617,"\'8772985 - Sargent, TX\'"
TAQT2,27.815,-97.389,"\'8775296 - USS Lexington, TX\'"
VCAT2,28.64,-96.609,"\'8773259 - Port Lavaca, TX \'"
BPHF1,27.608,-82.571,"\'BISHOP HARBOR, FL\'"
FRKF1,27.591,-82.552,"\'Frog Creek, FL\'"
42367,28.742,-88.826,\'Matterhorn TLP - Mississippi Canyon 243\'
41117,30,-81.08,"\'St. Augustine, FL (194)\'"
42097,25.7,-83.65,"\'Pulley Ridge, FL (226)\'"
44056,36.2,-75.714,"\'Duck FRF, NC\'"
44089,37.756,-75.334,"\'Wallops Island, VA (224)\'"
44091,39.778,-73.769,"\'Barnegat, NJ (209)\'"
46259,34.732,-121.664,"\'Santa Lucia Escarpment, CA (222)\'"
BTHD1,38.537,-75.046,"\'Bethany Beach, DE\'"
FRFN7,36.189,-75.739,"\'USACE-CHL Field Research Facility, Duck, NC\'"
JPRN7,35.912,-75.587,\'Jennette&#039
OCSM2,38.338,-75.07,"\'Ocean City, MD\'"
46252,33.953,-119.257,"\'Anacapa Passage South, CA (212)\'"
0Y2W3,44.794,-87.313,"\'Sturgeon Bay CG Station, WI\'"
18CI3,41.73,-86.91,"\'Michigan City CG Station, IN\'"
20CM4,42.09,-86.49,"\'St. Joseph CG Station, MI\'"
C58W3,44.146,-87.563,"\'Two Rivers CG Station, WI\'"
62001,45.23,-5,\'Gascogne Buoy\'
62028,50.59,-2.3,"\'Weymouth Bay, UK\'"
62029,48.72,-12.43,\'K1 Buoy\'
62030,50.25,-4.217,\'L4 Buoy\'
62050,50,-4.4,\'E1\'
62081,51,-13.55,\'K2 Buoy\'
62103,49.9,-2.9,\'Channel Lightship\'
62105,55.42,-12.57,\'K4 Buoy\'
62107,50.102,-6.1,\'Sevenstones Lightship\'
62108,53.5,-19.5,\'K3 Buoy\'
62163,47.55,-8.47,\'Brittany Buoy\'
62170,51.24,2,\'F3 Light Vessel\'
62298,49.4,-8.6,\'Celtic Sea Buoy\'
62301,52.22,-4.42,\'Aberporth Buoy\'
62303,51.602,-5.1,\'Pembroke Buoy\'
62304,51.102,1.8,\'Sandettie Lightship\'
62305,50.4,0,\'Greenwich Lightship\'
62442,49,-16.5,\'Pap\'
64045,59.07,-11.42,\'K5 Buoy\'
64046,60.483,-4.167,\'K7 Buoy\'
44095,35.75,-75.33,"\'Oregon Inlet, NC (192)\'"
44092,42.942,-70.632,"\'Isle of Shoals, NH (211)\'"
44090,41.84,-70.329,"\'Cape Cod Bay, MA (221)\'"
48012,70.025,-166.071,\'Point Lay (UAF)\'
BDXC1,38.317,-123.071,"\'Bodega, CA\'"
FPXC1,37.807,-122.466,"\'Fort Point, CA\'"
KNOH1,21.288,-157.865,"\'Kilo Nalu Observatory, Hawaii\'"
HPLM2,38.59,-76.133,\'Horn Point Weather Station MD\'
45021,45.048,-85.493,"\'Traverse Bay #3, MI\'"
GTBM4,44.767,-85.607,\'Grand Traverse Bay Observing System Station 2\'
45022,45.403,-85.088,"\'Little Traverse Bay Buoy, MI\'"
45024,43.973,-86.556,"\'Ludington Buoy, MI\'"
45027,46.86,-91.93,"\'McQuade Harbor Nearshore, MN\'"
45028,46.81,-91.84,\'Western Lake Superior\'
44098,42.798,-70.168,\'Jeffrey&#039
41062,35.778,-75.095,\'Hatteras Bay (B1)\'
41063,34.782,-75.941,\'Raleigh Bay (B2)\'
46120,47.761,-122.397,"\'Pt Wells, WA (U of Wash)\'"
46121,47.28,-122.728,"\'Carr Inlet, WA (U of Wash) \'"
46122,47.803,-122.803,"\'Dabob Bay, WA (U of Wash)\'"
46123,47.375,-123.008,"\'Twanoh - Hood Canal, WA (U of Wash)\'"
46124,47.422,-123.113,"\'Hoodsport - Hood Canal, WA (U of Wash)\'"
46125,47.907,-122.627,"\'Hansville - Hood Canal, WA\'"
45013,43.1,-87.85,"\'ATW20 - Atwater Park, WI\'"
45014,44.8,-87.76,"\'GB17 - South Green Bay, WI\'"
42067,30.042,-88.647,\'USM3M01\'
45166,45.032,-73.133,"\'Missisquoi Bay Buoy (Lake Champlain), VT\'"
44093,36.872,-75.492,"\'Offshore Wind Energy Area, VA (210)\'"
44052,37.236,-76.399,\'Goodwin Islands\'
44053,37.244,-76.5,\'Gloucester Point\'
GDIV2,37.222,-76.404,\'Goodwin Island Met Station\'
VMSV2,37.246,-76.5,\'VIMS Pier\'
42900,28.36,-89.423,\'Ocean Saratoga - Mississippi Canyon 583\'
42380,28.209,-88.737,\'Devil&#039
32012,-19.626,-84.947,\'Woods Hole Stratus Wave Station \'
32ST0,-19.626,-84.947,\'Stratus\'
41060,14.754,-50.949,\'Woods Hole Northwest Tropical Atlantic Wave Station\'
41061,24.581,-38,\'Woods Hole SPURS Wave Station\'
41NT0,14.825,-51.016,\'NTAS - Northwest Tropical Atlantic\'
43010,10.051,-125.032,\'Woods Hole Spurs Wave Station\'
51WH0,22.787,-157.907,\'WHOTS - Woods Hole Ocean Time-series\'
SM058,59.923,-39.528,\'Woods Hole Test Camera\'
